Котёнок Гав;+7 (812) 377–17–58;Санкт-Петербург, Новаторов бульвар, 28;kotenok-gav.com;
Ситивет;+7 (812) 493–43–53, +7 (812) 903–59–83;Санкт-Петербург, Симонова, 1;www.vetspb.ru;info@vetspb.ru
Ирбис;+7 (812) 945–32–93;Санкт-Петербург, Просвещения проспект, 53 к1;www.vet-irbis.ru;irbis-vet@mail.ru
Котёнок Гав;+7 (812) 377–17–58;Санкт-Петербург, Новаторов бульвар, 28;kotenok-gav.com;
Ветеринарная клиника им. Айвэна Филлмора;+7 (812) 210–41–99;ТРК Гранд Каньон,Санкт-Петербург, Энгельса проспект, 154 лит А;www.vetclinic-if.ru;vetclinic-if@yandex.ru
Ветеринарная клиника им. Айвэна Филлмора;+7 (812) 210–41–99;ТРК Гранд Каньон,Санкт-Петербург, Энгельса проспект, 154 лит А;www.vetclinic-if.ru;vetclinic-if@yandex.ru
Ветеринарная клиника им. Айвэна Филлмора;+7 (812) 210–41–99;ТРК Гранд Каньон,Санкт-Петербург, Энгельса проспект, 154 лит А;www.vetclinic-if.ru;vetclinic-if@yandex.ru
Ветеринарная клиника им. Айвэна Филлмора;+7 (812) 210–41–99;ТРК Гранд Каньон,Санкт-Петербург, Энгельса проспект, 154 лит А;www.vetclinic-if.ru;vetclinic-if@yandex.ru
Ветеринарная клиника Сотникова;+7 (812) 509–60–07, +7 (812) 509–60–34;Санкт-Петербург, Репищева, 13 к1;www.spbvet.com;admin@spbvet.com
LА MURR;+7 (383) 264–04–02, +7–913–913–64–64, +7–913–909–00–39;Новосибирск, Бориса Богаткова, 245;;lamurr2012@mail.ru
ВетСеть;+7 (812) 612–11–10;Санкт-Петербург, Руставели, 66;www.vetseti.ru;mail@vetseti.ru
Ситивет;+7 (812) 493–43–53, +7 (812) 903–59–83;Санкт-Петербург, Симонова, 1;www.vetspb.ru;info@vetspb.ru
ВетДоктор;+7–913–067–24–25, +7 (383) 319–59–19;Новосибирск, Орджоникидзе, 30;www.akvazoocentr.ru;vetdoctorclinic@yandex.ru
Ветеринарная клиника Сотникова;+7 (812) 509–60–07, +7 (812) 509–60–34;Санкт-Петербург, Репищева, 13 к1;www.spbvet.com;admin@spbvet.com
Нежный зверь;+7 (812) 443–83–74;Санкт-Петербург, Прибрежная, 11;nzver.spb.ru;nzver-spb@mail.ru
Ветеринарный центр доктора Костикова В.В.;+7 (812) 444–99–99, +7–965–064–55–03;Санкт-Петербург, Петергофское шоссе, 3 к1;vetmedicina.com;
ВетСеть;+7 (812) 612–11–10;Санкт-Петербург, Руставели, 66;www.vetseti.ru;mail@vetseti.ru
Нежный зверь;+7 (812) 443–83–74;Санкт-Петербург, Прибрежная, 11;nzver.spb.ru;nzver-spb@mail.ru
Санкт-Петербургская городская станция по борьбе с болезнями животных;+7 (812) 527–50–45, +7 (812) 527–50–43, +7 (812) 527–09–46;Санкт-Петербург, Жерновская 2-я, 46;www.spbvet.ru;
Ветеринарная клиника им. Айвэна Филлмора;+7 (812) 210–41–99;ТРК Гранд Каньон,Санкт-Петербург, Энгельса проспект, 154 лит А;www.vetclinic-if.ru;vetclinic-if@yandex.ru
Айболит;+7 (383) 214–91–32, +7 (383) 286–10–73;Новосибирск, Вилюйская, 13;www.aibolit-vet.ru;aibolit159@mail.ru
Ситивет;+7 (812) 493–43–53, +7 (812) 903–59–83;Санкт-Петербург, Симонова, 1;www.vetspb.ru;info@vetspb.ru
Ветеринарная станция Московского, Адмиралтейского, Центрального и Фрунзенского районов;+7 (812) 490–56–42;Санкт-Петербург, Салова, 16;;
Ветика;+7 (383) 218–31–17, +7 (383) 231–07–54;Новосибирск, Семьи Шамшиных, 18;www.vetica.ru;
Ветеринарная клиника Сотникова;+7 (812) 509–60–07, +7 (812) 509–60–34;Санкт-Петербург, Репищева, 13 к1;www.spbvet.com;admin@spbvet.com
Ветеринарная станция Кронштадтского, Курортного и Приморского районов;+7 (812) 430–15–90;Санкт-Петербург, Школьная, 32;www.spbvet.ru;
Санкт-Петербургская городская станция по борьбе с болезнями животных;+7 (812) 527–50–45, +7 (812) 527–50–43, +7 (812) 527–09–46;Санкт-Петербург, Жерновская 2-я, 46;www.spbvet.ru;
Антарес, ООО;+7 (383) 34–777–40;Новосибирск, Тюленина, 14;;antares-vet@mail.ru
ВетСеть;+7 (812) 612–11–10;Санкт-Петербург, Руставели, 66;www.vetseti.ru;mail@vetseti.ru
Ирбис;+7 (812) 945–32–93;Санкт-Петербург, Просвещения проспект, 53 к1;www.vet-irbis.ru;irbis-vet@mail.ru
Ноев ковчег;+7 (383) 349–91–91, +7 (383) 349–54–29;ТЦ Европа,Новосибирск, Красный проспект, 182;www.kovcheg-nsk.ru;noevkovcheg2016@mail.ru
Ветеринарная клиника им. Айвэна Филлмора;+7 (812) 210–41–99;ТРК Гранд Каньон,Санкт-Петербург, Энгельса проспект, 154 лит А;www.vetclinic-if.ru;vetclinic-if@yandex.ru
Ветеринарная клиника им. Айвэна Филлмора;+7 (812) 210–41–99;ТРК Гранд Каньон,Санкт-Петербург, Энгельса проспект, 154 лит А;www.vetclinic-if.ru;vetclinic-if@yandex.ru
Ветеринарная клиника Сотникова;+7 (812) 509–60–07, +7 (812) 509–60–34;Санкт-Петербург, Репищева, 13 к1;www.spbvet.com;admin@spbvet.com
Ветеринарная станция Московского, Адмиралтейского, Центрального и Фрунзенского районов;+7 (812) 490–56–42;Санкт-Петербург, Салова, 16;;
Котёнок Гав;+7 (812) 377–17–58;Санкт-Петербург, Новаторов бульвар, 28;kotenok-gav.com;
Котёнок Гав;+7 (812) 377–17–58;Санкт-Петербург, Новаторов бульвар, 28;kotenok-gav.com;
Дай лапу;+7 (383) 239–62–03, +7–983–310–62–03;Новосибирск, Урицкого, 13;kotey88.wix.com;kotey88@mail.ru
Нежный зверь;+7 (812) 443–83–74;Санкт-Петербург, Прибрежная, 11;nzver.spb.ru;nzver-spb@mail.ru
Нежный зверь;+7 (812) 443–83–74;Санкт-Петербург, Прибрежная, 11;nzver.spb.ru;nzver-spb@mail.ru
Veterinar 54;+7 (383) 286–61–65, +7–913–747–57–31;Новосибирск;veterinar54.ru;79137475731@yandex.ru
Ветеринарная станция Выборгского, Калининского и Петроградского районов;+7 (812) 540–38–68, +7 (812) 540–30–32;Санкт-Петербург, Васенко, 3 к3;;
Ветеринарная клиника им. Айвэна Филлмора;+7 (812) 210–41–99;ТРК Гранд Каньон,Санкт-Петербург, Энгельса проспект, 154 лит А;www.vetclinic-if.ru;vetclinic-if@yandex.ru
Ирбис;+7 (812) 945–32–93;Санкт-Петербург, Просвещения проспект, 53 к1;www.vet-irbis.ru;irbis-vet@mail.ru
Котёнок Гав;+7 (812) 377–17–58;Санкт-Петербург, Новаторов бульвар, 28;kotenok-gav.com;
Ветеринарный центр доктора Костикова В.В.;+7 (812) 444–99–99, +7–965–064–55–03;Санкт-Петербург, Петергофское шоссе, 3 к1;vetmedicina.com;
Ветеринарная клиника Сотникова;+7 (812) 509–60–07, +7 (812) 509–60–34;Санкт-Петербург, Репищева, 13 к1;www.spbvet.com;admin@spbvet.com
Санкт-Петербургская городская станция по борьбе с болезнями животных;+7 (812) 527–50–45, +7 (812) 527–50–43, +7 (812) 527–09–46;Санкт-Петербург, Жерновская 2-я, 46;www.spbvet.ru;
ВетСеть;+7 (812) 612–11–10;Санкт-Петербург, Руставели, 66;www.vetseti.ru;mail@vetseti.ru
Ветеринарная клиника Сотникова;+7 (812) 509–60–07, +7 (812) 509–60–34;Санкт-Петербург, Репищева, 13 к1;www.spbvet.com;admin@spbvet.com
Ветеринарная клиника Сотникова;+7 (812) 509–60–07, +7 (812) 509–60–34;Санкт-Петербург, Репищева, 13 к1;www.spbvet.com;admin@spbvet.com
Нежный зверь;+7 (812) 443–83–74;Санкт-Петербург, Прибрежная, 11;nzver.spb.ru;nzver-spb@mail.ru
Ветеринарная станция Кронштадтского, Курортного и Приморского районов;+7 (812) 430–15–90;Санкт-Петербург, Школьная, 32;www.spbvet.ru;
ВетСеть;+7 (812) 612–11–10;Санкт-Петербург, Руставели, 66;www.vetseti.ru;mail@vetseti.ru
Санкт-Петербургская городская станция по борьбе с болезнями животных;+7 (812) 527–50–45, +7 (812) 527–50–43, +7 (812) 527–09–46;Санкт-Петербург, Жерновская 2-я, 46;www.spbvet.ru;
Ветеринарный центр доктора Костикова В.В.;+7 (812) 444–99–99, +7–965–064–55–03;Санкт-Петербург, Петергофское шоссе, 3 к1;vetmedicina.com;
Ирбис;+7 (812) 945–32–93;Санкт-Петербург, Просвещения проспект, 53 к1;www.vet-irbis.ru;irbis-vet@mail.ru
Ирбис;+7 (812) 945–32–93;Санкт-Петербург, Просвещения проспект, 53 к1;www.vet-irbis.ru;irbis-vet@mail.ru
Ситивет;+7 (812) 493–43–53, +7 (812) 903–59–83;Санкт-Петербург, Симонова, 1;www.vetspb.ru;info@vetspb.ru
Ветеринарная клиника Сотникова;+7 (812) 509–60–07, +7 (812) 509–60–34;Санкт-Петербург, Репищева, 13 к1;www.spbvet.com;admin@spbvet.com
Санкт-Петербургская городская станция по борьбе с болезнями животных;+7 (812) 527–50–45, +7 (812) 527–50–43, +7 (812) 527–09–46;Санкт-Петербург, Жерновская 2-я, 46;www.spbvet.ru;
Ветеринарная станция Московского, Адмиралтейского, Центрального и Фрунзенского районов;+7 (812) 490–56–42;Санкт-Петербург, Салова, 16;;
ВетСеть;+7 (812) 612–11–10;Санкт-Петербург, Руставели, 66;www.vetseti.ru;mail@vetseti.ru
Ветеринарная станция Московского, Адмиралтейского, Центрального и Фрунзенского районов;+7 (812) 490–56–42;Санкт-Петербург, Салова, 16;;
Ветеринарная станция Выборгского, Калининского и Петроградского районов;+7 (812) 540–38–68, +7 (812) 540–30–32;Санкт-Петербург, Васенко, 3 к3;;
Ветеринарная клиника Сотникова;+7 (812) 509–60–07, +7 (812) 509–60–34;Санкт-Петербург, Репищева, 13 к1;www.spbvet.com;admin@spbvet.com
Ветеринарная клиника Сотникова;+7 (812) 509–60–07, +7 (812) 509–60–34;Санкт-Петербург, Репищева, 13 к1;www.spbvet.com;admin@spbvet.com
ВетСеть;+7 (812) 612–11–10;Санкт-Петербург, Руставели, 66;www.vetseti.ru;mail@vetseti.ru
Ветеринарный центр доктора Костикова В.В.;+7 (812) 444–99–99, +7–965–064–55–03;Санкт-Петербург, Петергофское шоссе, 3 к1;vetmedicina.com;
Ирбис;+7 (812) 945–32–93;Санкт-Петербург, Просвещения проспект, 53 к1;www.vet-irbis.ru;irbis-vet@mail.ru
ВетСеть;+7 (812) 612–11–10;Санкт-Петербург, Руставели, 66;www.vetseti.ru;mail@vetseti.ru
Нежный зверь;+7 (812) 443–83–74;Санкт-Петербург, Прибрежная, 11;nzver.spb.ru;nzver-spb@mail.ru
Котёнок Гав;+7 (812) 377–17–58;Санкт-Петербург, Новаторов бульвар, 28;kotenok-gav.com;
Ветеринарный центр доктора Костикова В.В.;+7 (812) 444–99–99, +7–965–064–55–03;Санкт-Петербург, Петергофское шоссе, 3 к1;vetmedicina.com;
Ирбис;+7 (812) 945–32–93;Санкт-Петербург, Просвещения проспект, 53 к1;www.vet-irbis.ru;irbis-vet@mail.ru
Котёнок Гав;+7 (812) 377–17–58;Санкт-Петербург, Новаторов бульвар, 28;kotenok-gav.com;
Ветеринарная станция Кронштадтского, Курортного и Приморского районов;+7 (812) 430–15–90;Санкт-Петербург, Школьная, 32;www.spbvet.ru;
Ситивет;+7 (812) 493–43–53, +7 (812) 903–59–83;Санкт-Петербург, Симонова, 1;www.vetspb.ru;info@vetspb.ru
Ветлекарь;+7 (383) 299–43–45, +7 (383) 225–95–77;Новосибирск, Красный проспект, 169/1;vet-lekar.ru;vet-lekar@mail.ru
Ветеринарный центр доктора Костикова В.В.;+7 (812) 444–99–99, +7–965–064–55–03;Санкт-Петербург, Петергофское шоссе, 3 к1;vetmedicina.com;
Ветеринарный центр доктора Костикова В.В.;+7 (812) 444–99–99, +7–965–064–55–03;Санкт-Петербург, Петергофское шоссе, 3 к1;vetmedicina.com;
Нежный зверь;+7 (812) 443–83–74;Санкт-Петербург, Прибрежная, 11;nzver.spb.ru;nzver-spb@mail.ru
Нежный зверь;+7 (812) 443–83–74;Санкт-Петербург, Прибрежная, 11;nzver.spb.ru;nzver-spb@mail.ru
ВетСеть;+7 (812) 612–11–10;Санкт-Петербург, Руставели, 66;www.vetseti.ru;mail@vetseti.ru
Ветеринарная станция Выборгского, Калининского и Петроградского районов;+7 (812) 540–38–68, +7 (812) 540–30–32;Санкт-Петербург, Васенко, 3 к3;;
Ветеринарная станция Кронштадтского, Курортного и Приморского районов;+7 (812) 430–15–90;Санкт-Петербург, Школьная, 32;www.spbvet.ru;
Санкт-Петербургская городская станция по борьбе с болезнями животных;+7 (812) 527–50–45, +7 (812) 527–50–43, +7 (812) 527–09–46;Санкт-Петербург, Жерновская 2-я, 46;www.spbvet.ru;
Ветеринарная станция Московского, Адмиралтейского, Центрального и Фрунзенского районов;+7 (812) 490–56–42;Санкт-Петербург, Салова, 16;;
Ветеринарный центр доктора Костикова В.В.;+7 (812) 444–99–99, +7–965–064–55–03;Санкт-Петербург, Петергофское шоссе, 3 к1;vetmedicina.com;
Ветеринарный центр доктора Костикова В.В.;+7 (812) 444–99–99, +7–965–064–55–03;Санкт-Петербург, Петергофское шоссе, 3 к1;vetmedicina.com;
Ситивет;+7 (812) 493–43–53, +7 (812) 903–59–83;Санкт-Петербург, Симонова, 1;www.vetspb.ru;info@vetspb.ru
Ситивет;+7 (812) 493–43–53, +7 (812) 903–59–83;Санкт-Петербург, Симонова, 1;www.vetspb.ru;info@vetspb.ru
Ветеринарная клиника им. Айвэна Филлмора;+7 (812) 210–41–99;ТРК Гранд Каньон,Санкт-Петербург, Энгельса проспект, 154 лит А;www.vetclinic-if.ru;vetclinic-if@yandex.ru
Ветеринарная станция Выборгского, Калининского и Петроградского районов;+7 (812) 540–38–68, +7 (812) 540–30–32;Санкт-Петербург, Васенко, 3 к3;;
Ветеринарная клиника Сотникова;+7 (812) 509–60–07, +7 (812) 509–60–34;Санкт-Петербург, Репищева, 13 к1;www.spbvet.com;admin@spbvet.com
Ветеринарная станция Кронштадтского, Курортного и Приморского районов;+7 (812) 430–15–90;Санкт-Петербург, Школьная, 32;www.spbvet.ru;
Энималз, ООО;+7 (383) 249–49–00, +7 (383) 279–94–21, +7 (383) 279–87–06;Новосибирск, Трикотажная, 52/1;www.animalz-nsk.ru;animalz-nsk@yandex.ru
Ветеринарный центр доктора Костикова В.В.;+7 (812) 444–99–99, +7–965–064–55–03;Санкт-Петербург, Петергофское шоссе, 3 к1;vetmedicina.com;
Котёнок Гав;+7 (812) 377–17–58;Санкт-Петербург, Новаторов бульвар, 28;kotenok-gav.com;
Ветеринарная клиника им. Айвэна Филлмора;+7 (812) 210–41–99;ТРК Гранд Каньон,Санкт-Петербург, Энгельса проспект, 154 лит А;www.vetclinic-if.ru;vetclinic-if@yandex.ru
Ветеринарная станция Выборгского, Калининского и Петроградского районов;+7 (812) 540–38–68, +7 (812) 540–30–32;Санкт-Петербург, Васенко, 3 к3;;
Ветеринарная станция Московского, Адмиралтейского, Центрального и Фрунзенского районов;+7 (812) 490–56–42;Санкт-Петербург, Салова, 16;;
Ситивет;+7 (812) 493–43–53, +7 (812) 903–59–83;Санкт-Петербург, Симонова, 1;www.vetspb.ru;info@vetspb.ru
Нежный зверь;+7 (812) 443–83–74;Санкт-Петербург, Прибрежная, 11;nzver.spb.ru;nzver-spb@mail.ru
Ветеринарная станция Кронштадтского, Курортного и Приморского районов;+7 (812) 430–15–90;Санкт-Петербург, Школьная, 32;www.spbvet.ru;
Ветеринарная станция Выборгского, Калининского и Петроградского районов;+7 (812) 540–38–68, +7 (812) 540–30–32;Санкт-Петербург, Васенко, 3 к3;;
Ветеринарный центр доктора Костикова В.В.;+7 (812) 444–99–99, +7–965–064–55–03;Санкт-Петербург, Петергофское шоссе, 3 к1;vetmedicina.com;
Котёнок Гав;+7 (812) 377–17–58;Санкт-Петербург, Новаторов бульвар, 28;kotenok-gav.com;
Котёнок Гав;+7 (812) 377–17–58;Санкт-Петербург, Новаторов бульвар, 28;kotenok-gav.com;
Ветеринарная станция Выборгского, Калининского и Петроградского районов;+7 (812) 540–38–68, +7 (812) 540–30–32;Санкт-Петербург, Васенко, 3 к3;;
ВетСеть;+7 (812) 612–11–10;Санкт-Петербург, Руставели, 66;www.vetseti.ru;mail@vetseti.ru
ВетСеть;+7 (812) 612–11–10;Санкт-Петербург, Руставели, 66;www.vetseti.ru;mail@vetseti.ru
Котёнок Гав;+7 (812) 377–17–58;Санкт-Петербург, Новаторов бульвар, 28;kotenok-gav.com;
Котёнок Гав;+7 (812) 377–17–58;Санкт-Петербург, Новаторов бульвар, 28;kotenok-gav.com;
Ветеринарная станция Московского, Адмиралтейского, Центрального и Фрунзенского районов;+7 (812) 490–56–42;Санкт-Петербург, Салова, 16;;
Ветеринарная станция Московского, Адмиралтейского, Центрального и Фрунзенского районов;+7 (812) 490–56–42;Санкт-Петербург, Салова, 16;;
Ирбис;+7 (812) 945–32–93;Санкт-Петербург, Просвещения проспект, 53 к1;www.vet-irbis.ru;irbis-vet@mail.ru
Ситивет;+7 (812) 493–43–53, +7 (812) 903–59–83;Санкт-Петербург, Симонова, 1;www.vetspb.ru;info@vetspb.ru
Ветеринарная станция Кронштадтского, Курортного и Приморского районов;+7 (812) 430–15–90;Санкт-Петербург, Школьная, 32;www.spbvet.ru;
Ирбис;+7 (812) 945–32–93;Санкт-Петербург, Просвещения проспект, 53 к1;www.vet-irbis.ru;irbis-vet@mail.ru
Ветеринарный центр доктора Костикова В.В.;+7 (812) 444–99–99, +7–965–064–55–03;Санкт-Петербург, Петергофское шоссе, 3 к1;vetmedicina.com;
Ветеринарная станция Выборгского, Калининского и Петроградского районов;+7 (812) 540–38–68, +7 (812) 540–30–32;Санкт-Петербург, Васенко, 3 к3;;
Ветеринарная станция Кронштадтского, Курортного и Приморского районов;+7 (812) 430–15–90;Санкт-Петербург, Школьная, 32;www.spbvet.ru;
Нежный зверь;+7 (812) 443–83–74;Санкт-Петербург, Прибрежная, 11;nzver.spb.ru;nzver-spb@mail.ru
Ветеринарная станция Кронштадтского, Курортного и Приморского районов;+7 (812) 430–15–90;Санкт-Петербург, Школьная, 32;www.spbvet.ru;
Котёнок Гав;+7 (812) 377–17–58;Санкт-Петербург, Новаторов бульвар, 28;kotenok-gav.com;
Санкт-Петербургская городская станция по борьбе с болезнями животных;+7 (812) 527–50–45, +7 (812) 527–50–43, +7 (812) 527–09–46;Санкт-Петербург, Жерновская 2-я, 46;www.spbvet.ru;
Ветеринарная станция Московского, Адмиралтейского, Центрального и Фрунзенского районов;+7 (812) 490–56–42;Санкт-Петербург, Салова, 16;;
Нежный зверь;+7 (812) 443–83–74;Санкт-Петербург, Прибрежная, 11;nzver.spb.ru;nzver-spb@mail.ru
;;;;
Ситивет;+7 (812) 493–43–53, +7 (812) 903–59–83;Санкт-Петербург, Симонова, 1;www.vetspb.ru;info@vetspb.ru
Ирбис;+7 (812) 945–32–93;Санкт-Петербург, Просвещения проспект, 53 к1;www.vet-irbis.ru;irbis-vet@mail.ru
Ирбис;+7 (812) 945–32–93;Санкт-Петербург, Просвещения проспект, 53 к1;www.vet-irbis.ru;irbis-vet@mail.ru
Ситивет;+7 (812) 493–43–53, +7 (812) 903–59–83;Санкт-Петербург, Симонова, 1;www.vetspb.ru;info@vetspb.ru
Ирбис;+7 (812) 945–32–93;Санкт-Петербург, Просвещения проспект, 53 к1;www.vet-irbis.ru;irbis-vet@mail.ru
Санкт-Петербургская городская станция по борьбе с болезнями животных;+7 (812) 527–50–45, +7 (812) 527–50–43, +7 (812) 527–09–46;Санкт-Петербург, Жерновская 2-я, 46;www.spbvet.ru;
Ветеринарная станция Выборгского, Калининского и Петроградского районов;+7 (812) 540–38–68, +7 (812) 540–30–32;Санкт-Петербург, Васенко, 3 к3;;
Ветеринарный центр доктора Костикова В.В.;+7 (812) 444–99–99, +7–965–064–55–03;Санкт-Петербург, Петергофское шоссе, 3 к1;vetmedicina.com;
Санкт-Петербургская городская станция по борьбе с болезнями животных;+7 (812) 527–50–45, +7 (812) 527–50–43, +7 (812) 527–09–46;Санкт-Петербург, Жерновская 2-я, 46;www.spbvet.ru;
Ситивет;+7 (812) 493–43–53, +7 (812) 903–59–83;Санкт-Петербург, Симонова, 1;www.vetspb.ru;info@vetspb.ru
Ветеринарная станция Кронштадтского, Курортного и Приморского районов;+7 (812) 430–15–90;Санкт-Петербург, Школьная, 32;www.spbvet.ru;
Ветеринарная клиника им. Айвэна Филлмора;+7 (812) 210–41–99;ТРК Гранд Каньон,Санкт-Петербург, Энгельса проспект, 154 лит А;www.vetclinic-if.ru;vetclinic-if@yandex.ru
Котёнок Гав;+7 (812) 377–17–58;Санкт-Петербург, Новаторов бульвар, 28;kotenok-gav.com;
Ветеринарная клиника Сотникова;+7 (812) 509–60–07, +7 (812) 509–60–34;Санкт-Петербург, Репищева, 13 к1;www.spbvet.com;admin@spbvet.com
Ветеринарная станция Московского, Адмиралтейского, Центрального и Фрунзенского районов;+7 (812) 490–56–42;Санкт-Петербург, Салова, 16;;
ВетСеть;+7 (812) 612–11–10;Санкт-Петербург, Руставели, 66;www.vetseti.ru;mail@vetseti.ru
Ситивет;+7 (812) 493–43–53, +7 (812) 903–59–83;Санкт-Петербург, Симонова, 1;www.vetspb.ru;info@vetspb.ru
Санкт-Петербургская городская станция по борьбе с болезнями животных;+7 (812) 527–50–45, +7 (812) 527–50–43, +7 (812) 527–09–46;Санкт-Петербург, Жерновская 2-я, 46;www.spbvet.ru;
Ирбис;+7 (812) 945–32–93;Санкт-Петербург, Просвещения проспект, 53 к1;www.vet-irbis.ru;irbis-vet@mail.ru
Ирбис;+7 (812) 945–32–93;Санкт-Петербург, Просвещения проспект, 53 к1;www.vet-irbis.ru;irbis-vet@mail.ru
Ветеринарная станция Московского, Адмиралтейского, Центрального и Фрунзенского районов;+7 (812) 490–56–42;Санкт-Петербург, Салова, 16;;
Ветеринарная станция Московского, Адмиралтейского, Центрального и Фрунзенского районов;+7 (812) 490–56–42;Санкт-Петербург, Салова, 16;;
Ветеринарный центр доктора Костикова В.В.;+7 (812) 444–99–99, +7–965–064–55–03;Санкт-Петербург, Петергофское шоссе, 3 к1;vetmedicina.com;
Котёнок Гав;+7 (812) 377–17–58;Санкт-Петербург, Новаторов бульвар, 28;kotenok-gav.com;
Ветеринарная станция Кронштадтского, Курортного и Приморского районов;+7 (812) 430–15–90;Санкт-Петербург, Школьная, 32;www.spbvet.ru;
Ситивет;+7 (812) 493–43–53, +7 (812) 903–59–83;Санкт-Петербург, Симонова, 1;www.vetspb.ru;info@vetspb.ru
Ветеринарная станция Кронштадтского, Курортного и Приморского районов;+7 (812) 430–15–90;Санкт-Петербург, Школьная, 32;www.spbvet.ru;
Ветеринарная станция Кронштадтского, Курортного и Приморского районов;+7 (812) 430–15–90;Санкт-Петербург, Школьная, 32;www.spbvet.ru;
Ветеринарный центр;+7 (347) 223–65–53, +7 (347) 284–31–34;Уфа, Российская, 43/10;;
Ветеринарная станция Московского, Адмиралтейского, Центрального и Фрунзенского районов;+7 (812) 490–56–42;Санкт-Петербург, Салова, 16;;
Ветеринарная станция Московского, Адмиралтейского, Центрального и Фрунзенского районов;+7 (812) 490–56–42;Санкт-Петербург, Салова, 16;;
Ветеринарная клиника доктора Кутлиматова;+7–960–385–37–50, +7–937–494–59–82, +7–917–434–38–10;Уфа, Коммунистическая, 170/1;vetrb.ru;
Ветленд, ООО;+7 (347) 266–69–47, +7 (347) 266–68–52;Уфа, Георгия Мушникова, 28;vetlend.ru;animal-planet@inbox.ru
ВетСеть;+7 (812) 612–11–10;Санкт-Петербург, Руставели, 66;www.vetseti.ru;mail@vetseti.ru
Добрые руки;+7 (347) 266–07–05;Уфа, Муксинова, 7;www.dobryeruki-ufa.ru;
Забота;+7 (347) 266–15–57;Уфа, Первомайская, 83;;
Санкт-Петербургская городская станция по борьбе с болезнями животных;+7 (812) 527–50–45, +7 (812) 527–50–43, +7 (812) 527–09–46;Санкт-Петербург, Жерновская 2-я, 46;www.spbvet.ru;
Ветеринарная станция Кронштадтского, Курортного и Приморского районов;+7 (812) 430–15–90;Санкт-Петербург, Школьная, 32;www.spbvet.ru;
Альвис;+7 (347) 216–44–03, +7 (347) 266–97–57;Уфа, Кавказская, 6/7;alvis-ufa.ru;
Ветеринарная станция Московского, Адмиралтейского, Центрального и Фрунзенского районов;+7 (812) 490–56–42;Санкт-Петербург, Салова, 16;;
Нежный зверь;+7 (812) 443–83–74;Санкт-Петербург, Прибрежная, 11;nzver.spb.ru;nzver-spb@mail.ru
Ветеринарная станция Выборгского, Калининского и Петроградского районов;+7 (812) 540–38–68, +7 (812) 540–30–32;Санкт-Петербург, Васенко, 3 к3;;
Лесси;+7 (351) 750–08–97, +7 (351) 282–14–42, +7–922–740–09–79;Челябинск, Комсомольский проспект, 13;www.lessivet.com;lessi-2009@mail.ru
Надежда;+7 (347) 266–16–48;Уфа, Степана Кувыкина, 16/2;nadezhdavet.ru;
Санкт-Петербургская городская станция по борьбе с болезнями животных;+7 (812) 527–50–45, +7 (812) 527–50–43, +7 (812) 527–09–46;Санкт-Петербург, Жерновская 2-я, 46;www.spbvet.ru;
Челябинская городская ветеринарная станция по борьбе с болезнями животных;+7 (351) 214–14–14;Челябинск, Свердловский тракт, 18а;ветлечебница74.рф;
КорВет;+7 (351) 777–31–61, +7 (351) 794–15–83;Челябинск, 250-летия Челябинска, 15а;www.corvet74.ru;logoped1969@mail.ru
Нежный зверь;+7 (812) 443–83–74;Санкт-Петербург, Прибрежная, 11;nzver.spb.ru;nzver-spb@mail.ru
МастерВет;+7 (343) 311–80–13;БД СоветникЪ,Екатеринбург, Маневровая, 9;www.mastervet96.ru;mastervet@uralzoo.net
Ника;+7 (343) 210–43–46, +7 (343) 383–01–41, +7–965–525–40–73;Екатеринбург, 8 Марта, 204/2;www.klinika-nika24.ru;
Алиса;+7 (343) 201–72–74, +7 (343) 213–04–24;Екатеринбург, 8 Марта, 2;;vetalisa@bk.ru
Ветеринарная клиника им. Айвэна Филлмора;+7 (812) 210–41–99;ТРК Гранд Каньон,Санкт-Петербург, Энгельса проспект, 154 лит А;www.vetclinic-if.ru;vetclinic-if@yandex.ru
КрасВетМедика;+7 (391) 218–13–18, +7 (391) 246–31–30;Красноярск, Высотная, 4 ст4;krasvetmedica.ru;krasvetmedica@mail.ru
Ветеринарная клиника Сотникова;+7 (812) 509–60–07, +7 (812) 509–60–34;Санкт-Петербург, Репищева, 13 к1;www.spbvet.com;admin@spbvet.com
Веста;+7 (351) 265–05–08, +7 (351) 265–04–08;Челябинск, Ленина проспект, 40;vestavet74.ru;
Неовит;+7 (343) 257–70–22;УрГАУ, Екатеринбург, Белинского, 112а;неовит.рф;
Амикус;+7 (391) 216–49–99;Красноярск, Ладо Кецховели, 32;www.vet-amicus.ru;amicus.nk@mail.ru
Доктор Айболит;+7 (343) 286–000–7, +7 (343) 357–33–03;Екатеринбург, Рассветная, 3Б;www.aibolit66.ru;vet-911@yandex.ru
Ветеринарная станция Выборгского, Калининского и Петроградского районов;+7 (812) 540–38–68, +7 (812) 540–30–32;Санкт-Петербург, Васенко, 3 к3;;
Ветдоктор, ООО;+7 (343) 381–87–87, +7–922–037–97–59;Екатеринбург, Уральская, 76;www.vetdoctor.ru;
Ирбис;+7 (812) 945–32–93;Санкт-Петербург, Просвещения проспект, 53 к1;www.vet-irbis.ru;irbis-vet@mail.ru
Акелла;+7 (391) 228–72–40, +7 (391) 2–922–144, +7 (391) 217–97–79;Красноярск, Партизана Железняка, 9г;akella24.ru;akella.vet24@mail.ru
БЕТХОВЕН;+7 (391) 285–28–20, +7 (391) 272–59–10;Красноярск, 9 Мая, 5;bethoven-clinic.ru;
Ветеринарная клиника им. Айвэна Филлмора;+7 (812) 210–41–99;ТРК Гранд Каньон,Санкт-Петербург, Энгельса проспект, 154 лит А;www.vetclinic-if.ru;vetclinic-if@yandex.ru
Ситивет;+7 (812) 493–43–53, +7 (812) 903–59–83;Санкт-Петербург, Симонова, 1;www.vetspb.ru;info@vetspb.ru
Ветеринарная клиника Сотникова;+7 (812) 509–60–07, +7 (812) 509–60–34;Санкт-Петербург, Репищева, 13 к1;www.spbvet.com;admin@spbvet.com
Ветеринарная станция Выборгского, Калининского и Петроградского районов;+7 (812) 540–38–68, +7 (812) 540–30–32;Санкт-Петербург, Васенко, 3 к3;;
Ветеринарная клиника Сотникова;+7 (812) 509–60–07, +7 (812) 509–60–34;Санкт-Петербург, Репищева, 13 к1;www.spbvet.com;admin@spbvet.com
Мухтар;+7 (391) 2–810–838, +7 (391) 2–165–165, +7 (391) 2–165–168;Красноярск, Газеты Красноярский Рабочий проспект, 154;;
Ветеринарная клиника Сотникова;+7 (812) 509–60–07, +7 (812) 509–60–34;Санкт-Петербург, Репищева, 13 к1;www.spbvet.com;admin@spbvet.com
Ветеринарная клиника им. Айвэна Филлмора;+7 (812) 210–41–99;ТРК Гранд Каньон,Санкт-Петербург, Энгельса проспект, 154 лит А;www.vetclinic-if.ru;vetclinic-if@yandex.ru
Клиника;+7 (391) 220–12–83;Красноярск, Дудинская, 5а;;
ВетСеть;+7 (812) 612–11–10;Санкт-Петербург, Руставели, 66;www.vetseti.ru;mail@vetseti.ru
ВетСеть;+7 (812) 612–11–10;Санкт-Петербург, Руставели, 66;www.vetseti.ru;mail@vetseti.ru
Ветеринарная станция Выборгского, Калининского и Петроградского районов;+7 (812) 540–38–68, +7 (812) 540–30–32;Санкт-Петербург, Васенко, 3 к3;;
Нежный зверь;+7 (812) 443–83–74;Санкт-Петербург, Прибрежная, 11;nzver.spb.ru;nzver-spb@mail.ru
Ветеринарная клиника им. Айвэна Филлмора;+7 (812) 210–41–99;ТРК Гранд Каньон,Санкт-Петербург, Энгельса проспект, 154 лит А;www.vetclinic-if.ru;vetclinic-if@yandex.ru
Санкт-Петербургская городская станция по борьбе с болезнями животных;+7 (812) 527–50–45, +7 (812) 527–50–43, +7 (812) 527–09–46;Санкт-Петербург, Жерновская 2-я, 46;www.spbvet.ru;
Санкт-Петербургская городская станция по борьбе с болезнями животных;+7 (812) 527–50–45, +7 (812) 527–50–43, +7 (812) 527–09–46;Санкт-Петербург, Жерновская 2-я, 46;www.spbvet.ru;
ВетСеть;+7 (812) 612–11–10;Санкт-Петербург, Руставели, 66;www.vetseti.ru;mail@vetseti.ru
Нежный зверь;+7 (812) 443–83–74;Санкт-Петербург, Прибрежная, 11;nzver.spb.ru;nzver-spb@mail.ru
Ветеринарный центр доктора Костикова В.В.;+7 (812) 444–99–99, +7–965–064–55–03;Санкт-Петербург, Петергофское шоссе, 3 к1;vetmedicina.com;
Наш добрый доктор;+7 (347) 266–96–63, +7–927–236–96–63;Уфа, 50 лет СССР, 47;;
Нежный зверь;+7 (812) 443–83–74;Санкт-Петербург, Прибрежная, 11;nzver.spb.ru;nzver-spb@mail.ru
Ветеринарная клиника им. Айвэна Филлмора;+7 (812) 210–41–99;ТРК Гранд Каньон,Санкт-Петербург, Энгельса проспект, 154 лит А;www.vetclinic-if.ru;vetclinic-if@yandex.ru
Ветеринарная станция Выборгского, Калининского и Петроградского районов;+7 (812) 540–38–68, +7 (812) 540–30–32;Санкт-Петербург, Васенко, 3 к3;;
Ветеринарная клиника им. Айвэна Филлмора;+7 (812) 210–41–99;ТРК Гранд Каньон,Санкт-Петербург, Энгельса проспект, 154 лит А;www.vetclinic-if.ru;vetclinic-if@yandex.ru
Санкт-Петербургская городская станция по борьбе с болезнями животных;+7 (812) 527–50–45, +7 (812) 527–50–43, +7 (812) 527–09–46;Санкт-Петербург, Жерновская 2-я, 46;www.spbvet.ru;
Нежный зверь;+7 (812) 443–83–74;Санкт-Петербург, Прибрежная, 11;nzver.spb.ru;nzver-spb@mail.ru
Ветеринарная практика доктора Денисова;+7–904–308–48–16;Челябинск, Победы проспект, 154;;
Содружество;+7 (347) 223–39–37;Уфа, Рихарда Зорге, 8/1;;
Центр здоровья животных;+7 (347) 246–59–26, +7–917–452–64–66;Уфа, Октября проспект, 97;www.zdravanimal.ru;zdravanimal@yandex.ru
Ветеринарная станция Московского, Адмиралтейского, Центрального и Фрунзенского районов;+7 (812) 490–56–42;Санкт-Петербург, Салова, 16;;
Ветеринарная клиника доктора Калинина;+7 (351) 230–29–30, +7 (351) 251–00–70;Челябинск, Гагарина, 2;www.kalinin-vet.com;ygavm@bk.ru
;;;;
Ветеринарная клиника Сотникова;+7 (812) 509–60–07, +7 (812) 509–60–34;Санкт-Петербург, Репищева, 13 к1;www.spbvet.com;admin@spbvet.com
ВетСеть;+7 (812) 612–11–10;Санкт-Петербург, Руставели, 66;www.vetseti.ru;mail@vetseti.ru
Нежный зверь;+7 (812) 443–83–74;Санкт-Петербург, Прибрежная, 11;nzver.spb.ru;nzver-spb@mail.ru
Уфимская городская ветеринарная станция Республики Башкортостан, ГБУ;+7 (347) 216–32–72, +7 (347) 284–53–52, +7–917–403–83–95, +7–967–455–62–99;Уфа, Октября проспект, 184;ufagorvet.ru;ordgon.vl@yanfex.ru
Дядя Федор;+7 (343) 286–49–71, +7 (343) 361–09–27;Екатеринбург, Чкалова, 252;vet-df.ru;
А-Витта;+7 (343) 202–17–22, +7–908–901–61–33;Екатеринбург, Стрелочников, 5;www.trilos.ru;trilos@yandex.ru
Панацея;+7 (351) 225–62–04;Челябинск, Победы проспект, 388;www.panaceya-74.ru;panaceyavet@yandex.ru
Хатико;+7 (343) 286–21–12;Екатеринбург, Посадская, 21/2;www.hatiko.pro;
Санкт-Петербургская городская станция по борьбе с болезнями животных;+7 (812) 527–50–45, +7 (812) 527–50–43, +7 (812) 527–09–46;Санкт-Петербург, Жерновская 2-я, 46;www.spbvet.ru;
Мегавет;+7 (351) 270–30–73, +7 (351) 236–25–30;Челябинск, Чичерина, 34;www.megavet74.ru;inchina@rambler.ru
Крошка Енот;+7 (351) 225–13–87, +7 (351) 750–25–26;Челябинск, Сталеваров, 50;;
Умка;+7 (351) 740–14–14, +7 (351) 230–26–66, +7 (351) 793–21–12;Челябинск, Молдавская, 25Б;;ymkavet@mail.ru
Ветеринарная станция Выборгского, Калининского и Петроградского районов;+7 (812) 540–38–68, +7 (812) 540–30–32;Санкт-Петербург, Васенко, 3 к3;;
Ветеринарная клиника им. Айвэна Филлмора;+7 (812) 210–41–99;ТРК Гранд Каньон,Санкт-Петербург, Энгельса проспект, 154 лит А;www.vetclinic-if.ru;vetclinic-if@yandex.ru
Ирбис;+7 (812) 945–32–93;Санкт-Петербург, Просвещения проспект, 53 к1;www.vet-irbis.ru;irbis-vet@mail.ru
ЗООДОКТОР;+7 (343) 333–51–01, +7 (343) 333–51–00;Екатеринбург, Культуры, 25;www.zoodoktor96.ru;
Котёнок Гав;+7 (812) 377–17–58;Санкт-Петербург, Новаторов бульвар, 28;kotenok-gav.com;
ВетСеть;+7 (812) 612–11–10;Санкт-Петербург, Руставели, 66;www.vetseti.ru;mail@vetseti.ru
Ковчег;+7 (351) 790–65–32;Челябинск, Свердловский проспект, 28;;
Нежный зверь;+7 (812) 443–83–74;Санкт-Петербург, Прибрежная, 11;nzver.spb.ru;nzver-spb@mail.ru
Ветеринарный кабинет;+7–908–631–86–08;Екатеринбург, Революции, 90;vetkabinet.ucoz.ru;
Акита;+7 (391) 252–14–45, +7–913–516–51–63;Красноярск, Судостроительная, 58;;
ЦентроВет;+7 (391) 223–21–00, +7 (391) 227–85–07;Красноярск, Мира проспект, 22Б;www.centrovet.ru;
Ветеринарный центр доктора Костикова В.В.;+7 (812) 444–99–99, +7–965–064–55–03;Санкт-Петербург, Петергофское шоссе, 3 к1;vetmedicina.com;
Ветеринарная клиника;+7 (351) 236–06–36, +7 (351) 262–00–70;Челябинск, Блюхера, 83а;www.ветврач74.рф;mail@centrvetmed.ru
Лимпопо;+7 (391) 228–96–55, +7 (391) 294–13–21;Красноярск, Карла Маркса, 155;www.limpopo24.ru;limpopovet@mail.ru
Санкт-Петербургская городская станция по борьбе с болезнями животных;+7 (812) 527–50–45, +7 (812) 527–50–43, +7 (812) 527–09–46;Санкт-Петербург, Жерновская 2-я, 46;www.spbvet.ru;
Ветеринарная станция Выборгского, Калининского и Петроградского районов;+7 (812) 540–38–68, +7 (812) 540–30–32;Санкт-Петербург, Васенко, 3 к3;;
Зооника;+7 (39175) 2–50–05, +7–933–200–86–68;пгт Берёзовка, Центральная, 31;;zoonika-vet@yandex.ru
Ветеринарная станция;+7 (343) 341–77–41, +7 (343) 341–79–91;Екатеринбург, Вилонова, 4;;vetstan04-ek@mail.ru
Котёнок Гав;+7 (812) 377–17–58;Санкт-Петербург, Новаторов бульвар, 28;kotenok-gav.com;
Ветеринарная станция Московского, Адмиралтейского, Центрального и Фрунзенского районов;+7 (812) 490–56–42;Санкт-Петербург, Салова, 16;;
Ирбис;+7 (812) 945–32–93;Санкт-Петербург, Просвещения проспект, 53 к1;www.vet-irbis.ru;irbis-vet@mail.ru
Зоодоктор;+7 (391) 244–30–04, +7 (391) 279–46–09, +7 (391) 251–17–52;Красноярск, Ладо Кецховели, 29Б;;
Ветеринарная станция Выборгского, Калининского и Петроградского районов;+7 (812) 540–38–68, +7 (812) 540–30–32;Санкт-Петербург, Васенко, 3 к3;;
Айболит;+7 (391) 264–16–11, +7–923–291–94–63;Красноярск, Юности, 1а;;
Ситивет;+7 (812) 493–43–53, +7 (812) 903–59–83;Санкт-Петербург, Симонова, 1;www.vetspb.ru;info@vetspb.ru
Ситивет;+7 (812) 493–43–53, +7 (812) 903–59–83;Санкт-Петербург, Симонова, 1;www.vetspb.ru;info@vetspb.ru
Ветеринарная станция Кронштадтского, Курортного и Приморского районов;+7 (812) 430–15–90;Санкт-Петербург, Школьная, 32;www.spbvet.ru;
Ветеринарная станция Кронштадтского, Курортного и Приморского районов;+7 (812) 430–15–90;Санкт-Петербург, Школьная, 32;www.spbvet.ru;
Ветеринарный центр доктора Костикова В.В.;+7 (812) 444–99–99, +7–965–064–55–03;Санкт-Петербург, Петергофское шоссе, 3 к1;vetmedicina.com;
Ветеринарная клиника Сотникова;+7 (812) 509–60–07, +7 (812) 509–60–34;Санкт-Петербург, Репищева, 13 к1;www.spbvet.com;admin@spbvet.com
Ветеринарный центр доктора Костикова В.В.;+7 (812) 444–99–99, +7–965–064–55–03;Санкт-Петербург, Петергофское шоссе, 3 к1;vetmedicina.com;
Ирбис;+7 (812) 945–32–93;Санкт-Петербург, Просвещения проспект, 53 к1;www.vet-irbis.ru;irbis-vet@mail.ru
Санкт-Петербургская городская станция по борьбе с болезнями животных;+7 (812) 527–50–45, +7 (812) 527–50–43, +7 (812) 527–09–46;Санкт-Петербург, Жерновская 2-я, 46;www.spbvet.ru;
ВетСеть;+7 (812) 612–11–10;Санкт-Петербург, Руставели, 66;www.vetseti.ru;mail@vetseti.ru
Ситивет;+7 (812) 493–43–53, +7 (812) 903–59–83;Санкт-Петербург, Симонова, 1;www.vetspb.ru;info@vetspb.ru
Ветеринарная станция Московского, Адмиралтейского, Центрального и Фрунзенского районов;+7 (812) 490–56–42;Санкт-Петербург, Салова, 16;;
Ветеринарная клиника им. Айвэна Филлмора;+7 (812) 210–41–99;ТРК Гранд Каньон,Санкт-Петербург, Энгельса проспект, 154 лит А;www.vetclinic-if.ru;vetclinic-if@yandex.ru
Нежный зверь;+7 (812) 443–83–74;Санкт-Петербург, Прибрежная, 11;nzver.spb.ru;nzver-spb@mail.ru
Ветеринарная станция Выборгского, Калининского и Петроградского районов;+7 (812) 540–38–68, +7 (812) 540–30–32;Санкт-Петербург, Васенко, 3 к3;;
Ветеринарная станция Кронштадтского, Курортного и Приморского районов;+7 (812) 430–15–90;Санкт-Петербург, Школьная, 32;www.spbvet.ru;
