Скандинавия;+7 (812) 416–01–38;Санкт-Петербург, Литейный проспект, 55;www.avaclinic.ru;info@avaclinic.ru
РЕАСАНМЕД, ООО;+7 (812) 448–84–34;Санкт-Петербург, Варшавская, 5 к3 лит А;www.reasunmed.ru;1@reasunmed.ru
Альтермед;+7 (812) 468–88–88, 8–800–333–68–88;Санкт-Петербург, Энгельса проспект, 139/21;www.altermed.ru;info@altermed.ru
Альтермед;+7 (812) 468–88–88, 8–800–333–68–88;Санкт-Петербург, Энгельса проспект, 139/21;www.altermed.ru;info@altermed.ru
Скандинавия;+7 (812) 416–01–38;Санкт-Петербург, Литейный проспект, 55;www.avaclinic.ru;info@avaclinic.ru
МЕДИКА;+7 (812) 606–78–92, +7 (812) 458–00–00;Санкт-Петербург, Бадаева, 6 к1;spbmedika.ru;kd@spbmedika.ru
Альтермед;+7 (812) 468–88–88, 8–800–333–68–88;Санкт-Петербург, Энгельса проспект, 139/21;www.altermed.ru;info@altermed.ru
ЦМРТ;+7 (812) 600–12–15;Санкт-Петербург, Рентгена, 5;mrtpetrograd.ru;info@mrtpetrograd.ru
ЦМРТ;+7 (812) 600–12–15;Санкт-Петербург, Рентгена, 5;mrtpetrograd.ru;info@mrtpetrograd.ru
Врачебная практика, ООО;+7 (383) 201–83–13;Новосибирск, Покрышкина, 1;www.медцентрнск.рф;
Альтермед;+7 (812) 468–88–88, 8–800–333–68–88;Санкт-Петербург, Энгельса проспект, 139/21;www.altermed.ru;info@altermed.ru
Первая семейная клиника Петербурга;+7 (812) 300–5–300;Санкт-Петербург, Каменноостровский проспект, 16;www.1-clinic.ru;info@oneclinic.ru
Скандинавия;+7 (812) 416–01–38;Санкт-Петербург, Литейный проспект, 55;www.avaclinic.ru;info@avaclinic.ru
Первая семейная клиника Петербурга;+7 (812) 300–5–300;Санкт-Петербург, Каменноостровский проспект, 16;www.1-clinic.ru;info@oneclinic.ru
Клиника Санитас;+7 (383) 233–66–00;Новосибирск, Вокзальная магистраль, 16;www.sanitas.ru;novosibirsk@sanitas.ru
РЕАСАНМЕД, ООО;+7 (812) 448–84–34;Санкт-Петербург, Варшавская, 5 к3 лит А;www.reasunmed.ru;1@reasunmed.ru
ЛабСтори, ООО;+7 (812) 777–90–40;Санкт-Петербург, Достоевского, 44 к Е;www.labstori.ru;call@labstori.ru
Первая семейная клиника Петербурга;+7 (812) 300–5–300;Санкт-Петербург, Каменноостровский проспект, 16;www.1-clinic.ru;info@oneclinic.ru
Гайде;+7 (812) 611–00–17;Санкт-Петербург, Лиговский проспект, 108а;mc.guideh.com;dms-disp@guideh.com
СМ-Клиника;+7 (812) 435–55–55;Санкт-Петербург, Дунайский проспект, 47;www.smclinic-spb.ru;mail@smclinic-spb.ru
ЦМРТ;+7 (812) 600–12–15;Санкт-Петербург, Рентгена, 5;mrtpetrograd.ru;info@mrtpetrograd.ru
МЕДИКА;+7 (812) 606–78–92, +7 (812) 458–00–00;Санкт-Петербург, Бадаева, 6 к1;spbmedika.ru;kd@spbmedika.ru
;;;;
;;;;
ВитаМедика, ООО;+7 (343) 344–32–22, +7–963–275–26–81;Екатеринбург, Мамина-Сибиряка, 193;www.vitamedica.ru;mcvitamedica@gmail.com
;;;;
ФОРВАРД, ООО;+7 (347) 216–44–75, +7 (347) 216–44–76;Уфа, Мира, 13/1;www.mc-forvard.ru;info@mc-forvard.ru
Скандинавия;+7 (812) 416–01–38;Санкт-Петербург, Литейный проспект, 55;www.avaclinic.ru;info@avaclinic.ru
РЕАСАНМЕД, ООО;+7 (812) 448–84–34;Санкт-Петербург, Варшавская, 5 к3 лит А;www.reasunmed.ru;1@reasunmed.ru
Гайде;+7 (812) 611–00–17;Санкт-Петербург, Лиговский проспект, 108а;mc.guideh.com;dms-disp@guideh.com
ДИНАСТИЯ;+7 (812) 603–48–26;Санкт-Петербург, Репищева, 13 к1;meddynasty.ru;info@meddynasty.ru
ДИНАСТИЯ;+7 (812) 603–48–26;Санкт-Петербург, Репищева, 13 к1;meddynasty.ru;info@meddynasty.ru
ДИНАСТИЯ;+7 (812) 603–48–26;Санкт-Петербург, Репищева, 13 к1;meddynasty.ru;info@meddynasty.ru
ЛабСтори, ООО;+7 (812) 777–90–40;Санкт-Петербург, Достоевского, 44 к Е;www.labstori.ru;call@labstori.ru
Скандинавия;+7 (812) 416–01–38;Санкт-Петербург, Литейный проспект, 55;www.avaclinic.ru;info@avaclinic.ru
;;;;
СМ-Клиника;+7 (812) 435–55–55;Санкт-Петербург, Дунайский проспект, 47;www.smclinic-spb.ru;mail@smclinic-spb.ru
Первая семейная клиника Петербурга;+7 (812) 300–5–300;Санкт-Петербург, Каменноостровский проспект, 16;www.1-clinic.ru;info@oneclinic.ru
Первая семейная клиника Петербурга;+7 (812) 300–5–300;Санкт-Петербург, Каменноостровский проспект, 16;www.1-clinic.ru;info@oneclinic.ru
СМ-Клиника;+7 (812) 435–55–55;Санкт-Петербург, Дунайский проспект, 47;www.smclinic-spb.ru;mail@smclinic-spb.ru
МЕДИКА;+7 (812) 606–78–92, +7 (812) 458–00–00;Санкт-Петербург, Бадаева, 6 к1;spbmedika.ru;kd@spbmedika.ru
Скандинавия;+7 (812) 416–01–38;Санкт-Петербург, Литейный проспект, 55;www.avaclinic.ru;info@avaclinic.ru
;;;;
МЕДИКА;+7 (812) 606–78–92, +7 (812) 458–00–00;Санкт-Петербург, Бадаева, 6 к1;spbmedika.ru;kd@spbmedika.ru
ЦМРТ;+7 (812) 600–12–15;Санкт-Петербург, Рентгена, 5;mrtpetrograd.ru;info@mrtpetrograd.ru
РЕАСАНМЕД, ООО;+7 (812) 448–84–34;Санкт-Петербург, Варшавская, 5 к3 лит А;www.reasunmed.ru;1@reasunmed.ru
ЛабСтори, ООО;+7 (812) 777–90–40;Санкт-Петербург, Достоевского, 44 к Е;www.labstori.ru;call@labstori.ru
СМ-Клиника;+7 (812) 435–55–55;Санкт-Петербург, Дунайский проспект, 47;www.smclinic-spb.ru;mail@smclinic-spb.ru
СМ-Клиника;+7 (812) 435–55–55;Санкт-Петербург, Дунайский проспект, 47;www.smclinic-spb.ru;mail@smclinic-spb.ru
;;;;
;;;;
РЕАСАНМЕД, ООО;+7 (812) 448–84–34;Санкт-Петербург, Варшавская, 5 к3 лит А;www.reasunmed.ru;1@reasunmed.ru
ДИНАСТИЯ;+7 (812) 603–48–26;Санкт-Петербург, Репищева, 13 к1;meddynasty.ru;info@meddynasty.ru
РЕАСАНМЕД, ООО;+7 (812) 448–84–34;Санкт-Петербург, Варшавская, 5 к3 лит А;www.reasunmed.ru;1@reasunmed.ru
ЦМРТ;+7 (812) 600–12–15;Санкт-Петербург, Рентгена, 5;mrtpetrograd.ru;info@mrtpetrograd.ru
Скандинавия;+7 (812) 416–01–38;Санкт-Петербург, Литейный проспект, 55;www.avaclinic.ru;info@avaclinic.ru
ЦМРТ;+7 (812) 600–12–15;Санкт-Петербург, Рентгена, 5;mrtpetrograd.ru;info@mrtpetrograd.ru
Скандинавия;+7 (812) 416–01–38;Санкт-Петербург, Литейный проспект, 55;www.avaclinic.ru;info@avaclinic.ru
Аллергомед;+7 (812) 421–73–45;Санкт-Петербург, Московский проспект, 109;www.allergomed.ru;allergomed@gmail.com
Долголетие;+7 (812) 671–01–70, +7 (812) 671–01–70;Санкт-Петербург, Малая Посадская, 7/4;www.spina.spb.ru;alex8108@bk.ru
МЕДИКА;+7 (812) 606–78–92, +7 (812) 458–00–00;Санкт-Петербург, Бадаева, 6 к1;spbmedika.ru;kd@spbmedika.ru
Долголетие;+7 (812) 671–01–70, +7 (812) 671–01–70;Санкт-Петербург, Малая Посадская, 7/4;www.spina.spb.ru;alex8108@bk.ru
РЕАСАНМЕД, ООО;+7 (812) 448–84–34;Санкт-Петербург, Варшавская, 5 к3 лит А;www.reasunmed.ru;1@reasunmed.ru
ДИНАСТИЯ;+7 (812) 603–48–26;Санкт-Петербург, Репищева, 13 к1;meddynasty.ru;info@meddynasty.ru
РЕАСАНМЕД, ООО;+7 (812) 448–84–34;Санкт-Петербург, Варшавская, 5 к3 лит А;www.reasunmed.ru;1@reasunmed.ru
МД плюс;+7 (347) 216–15–15;Уфа, Маршала Жукова, 24/1;www.ufamdplus.ru;meddiagnostika@list.ru
РЕАСАНМЕД, ООО;+7 (812) 448–84–34;Санкт-Петербург, Варшавская, 5 к3 лит А;www.reasunmed.ru;1@reasunmed.ru
РЕАСАНМЕД, ООО;+7 (812) 448–84–34;Санкт-Петербург, Варшавская, 5 к3 лит А;www.reasunmed.ru;1@reasunmed.ru
ЦМРТ;+7 (812) 600–12–15;Санкт-Петербург, Рентгена, 5;mrtpetrograd.ru;info@mrtpetrograd.ru
Первая семейная клиника Петербурга;+7 (812) 300–5–300;Санкт-Петербург, Каменноостровский проспект, 16;www.1-clinic.ru;info@oneclinic.ru
СМ-Клиника;+7 (812) 435–55–55;Санкт-Петербург, Дунайский проспект, 47;www.smclinic-spb.ru;mail@smclinic-spb.ru
ЕвроМед клиника;+7 (383) 209–03–03;Новосибирск, Гоголя, 42;www.euromednsk.ru;info@euromednsk.ru
Альтермед;+7 (812) 468–88–88, 8–800–333–68–88;Санкт-Петербург, Энгельса проспект, 139/21;www.altermed.ru;info@altermed.ru
;;;;
МЕДИКА;+7 (812) 606–78–92, +7 (812) 458–00–00;Санкт-Петербург, Бадаева, 6 к1;spbmedika.ru;kd@spbmedika.ru
Гайде;+7 (812) 611–00–17;Санкт-Петербург, Лиговский проспект, 108а;mc.guideh.com;dms-disp@guideh.com
Альтермед;+7 (812) 468–88–88, 8–800–333–68–88;Санкт-Петербург, Энгельса проспект, 139/21;www.altermed.ru;info@altermed.ru
ЛабСтори, ООО;+7 (812) 777–90–40;Санкт-Петербург, Достоевского, 44 к Е;www.labstori.ru;call@labstori.ru
Ангио Лайн;+7 (343) 312–81–45;Екатеринбург, Большакова, 95;www.mc-angio.ru;angioline@mc-angio.ru
Гайде;+7 (812) 611–00–17;Санкт-Петербург, Лиговский проспект, 108а;mc.guideh.com;dms-disp@guideh.com
ДИНАСТИЯ;+7 (812) 603–48–26;Санкт-Петербург, Репищева, 13 к1;meddynasty.ru;info@meddynasty.ru
ЦМРТ;+7 (812) 600–12–15;Санкт-Петербург, Рентгена, 5;mrtpetrograd.ru;info@mrtpetrograd.ru
ДИНАСТИЯ;+7 (812) 603–48–26;Санкт-Петербург, Репищева, 13 к1;meddynasty.ru;info@meddynasty.ru
Долголетие;+7 (812) 671–01–70, +7 (812) 671–01–70;Санкт-Петербург, Малая Посадская, 7/4;www.spina.spb.ru;alex8108@bk.ru
СМ-Клиника;+7 (812) 435–55–55;Санкт-Петербург, Дунайский проспект, 47;www.smclinic-spb.ru;mail@smclinic-spb.ru
МЕДИКА;+7 (812) 606–78–92, +7 (812) 458–00–00;Санкт-Петербург, Бадаева, 6 к1;spbmedika.ru;kd@spbmedika.ru
РЕАСАНМЕД, ООО;+7 (812) 448–84–34;Санкт-Петербург, Варшавская, 5 к3 лит А;www.reasunmed.ru;1@reasunmed.ru
Первая семейная клиника Петербурга;+7 (812) 300–5–300;Санкт-Петербург, Каменноостровский проспект, 16;www.1-clinic.ru;info@oneclinic.ru
МЕДИКА;+7 (812) 606–78–92, +7 (812) 458–00–00;Санкт-Петербург, Бадаева, 6 к1;spbmedika.ru;kd@spbmedika.ru
Аллергомед;+7 (812) 421–73–45;Санкт-Петербург, Московский проспект, 109;www.allergomed.ru;allergomed@gmail.com
Аллергомед;+7 (812) 421–73–45;Санкт-Петербург, Московский проспект, 109;www.allergomed.ru;allergomed@gmail.com
Скандинавия;+7 (812) 416–01–38;Санкт-Петербург, Литейный проспект, 55;www.avaclinic.ru;info@avaclinic.ru
СМ-Клиника;+7 (812) 435–55–55;Санкт-Петербург, Дунайский проспект, 47;www.smclinic-spb.ru;mail@smclinic-spb.ru
ДНК Клиника;+7 (351) 211–03–03;Челябинск, 40-летия Победы, 28в;www.dnk74.ru;office@dnk74.ru
Долголетие;+7 (812) 671–01–70, +7 (812) 671–01–70;Санкт-Петербург, Малая Посадская, 7/4;www.spina.spb.ru;alex8108@bk.ru
РЕАСАНМЕД, ООО;+7 (812) 448–84–34;Санкт-Петербург, Варшавская, 5 к3 лит А;www.reasunmed.ru;1@reasunmed.ru
;;;;
РЕАСАНМЕД, ООО;+7 (812) 448–84–34;Санкт-Петербург, Варшавская, 5 к3 лит А;www.reasunmed.ru;1@reasunmed.ru
ЦМРТ;+7 (812) 600–12–15;Санкт-Петербург, Рентгена, 5;mrtpetrograd.ru;info@mrtpetrograd.ru
ДИНАСТИЯ;+7 (812) 603–48–26;Санкт-Петербург, Репищева, 13 к1;meddynasty.ru;info@meddynasty.ru
Вся Медицина;+7 (351) 240–03–03;Челябинск, Новороссийская, 85;www.mc-chtpz.ru;info@mc-chtpz.ru
ДИНАСТИЯ;+7 (812) 603–48–26;Санкт-Петербург, Репищева, 13 к1;meddynasty.ru;info@meddynasty.ru
Скандинавия;+7 (812) 416–01–38;Санкт-Петербург, Литейный проспект, 55;www.avaclinic.ru;info@avaclinic.ru
ДИНАСТИЯ;+7 (812) 603–48–26;Санкт-Петербург, Репищева, 13 к1;meddynasty.ru;info@meddynasty.ru
Альтермед;+7 (812) 468–88–88, 8–800–333–68–88;Санкт-Петербург, Энгельса проспект, 139/21;www.altermed.ru;info@altermed.ru
Скандинавия;+7 (812) 416–01–38;Санкт-Петербург, Литейный проспект, 55;www.avaclinic.ru;info@avaclinic.ru
РЕАСАНМЕД, ООО;+7 (812) 448–84–34;Санкт-Петербург, Варшавская, 5 к3 лит А;www.reasunmed.ru;1@reasunmed.ru
Скандинавия;+7 (812) 416–01–38;Санкт-Петербург, Литейный проспект, 55;www.avaclinic.ru;info@avaclinic.ru
Гайде;+7 (812) 611–00–17;Санкт-Петербург, Лиговский проспект, 108а;mc.guideh.com;dms-disp@guideh.com
РЕАСАНМЕД, ООО;+7 (812) 448–84–34;Санкт-Петербург, Варшавская, 5 к3 лит А;www.reasunmed.ru;1@reasunmed.ru
;;;;
МЕДИКА;+7 (812) 606–78–92, +7 (812) 458–00–00;Санкт-Петербург, Бадаева, 6 к1;spbmedika.ru;kd@spbmedika.ru
РЕАСАНМЕД, ООО;+7 (812) 448–84–34;Санкт-Петербург, Варшавская, 5 к3 лит А;www.reasunmed.ru;1@reasunmed.ru
Гайде;+7 (812) 611–00–17;Санкт-Петербург, Лиговский проспект, 108а;mc.guideh.com;dms-disp@guideh.com
Альтермед;+7 (812) 468–88–88, 8–800–333–68–88;Санкт-Петербург, Энгельса проспект, 139/21;www.altermed.ru;info@altermed.ru
Альтермед;+7 (812) 468–88–88, 8–800–333–68–88;Санкт-Петербург, Энгельса проспект, 139/21;www.altermed.ru;info@altermed.ru
ЦМРТ;+7 (812) 600–12–15;Санкт-Петербург, Рентгена, 5;mrtpetrograd.ru;info@mrtpetrograd.ru
ЦМРТ;+7 (812) 600–12–15;Санкт-Петербург, Рентгена, 5;mrtpetrograd.ru;info@mrtpetrograd.ru
ЦМРТ;+7 (812) 600–12–15;Санкт-Петербург, Рентгена, 5;mrtpetrograd.ru;info@mrtpetrograd.ru
Многопрофильное клиническое учреждение;+7 (383) 328–19–19;Новосибирск, Владимировский спуск, 2а;www.med54.ru;info@med54.ru
ЦМРТ;+7 (812) 600–12–15;Санкт-Петербург, Рентгена, 5;mrtpetrograd.ru;info@mrtpetrograd.ru
МЕДИКА;+7 (812) 606–78–92, +7 (812) 458–00–00;Санкт-Петербург, Бадаева, 6 к1;spbmedika.ru;kd@spbmedika.ru
;;;;
СМ-Клиника;+7 (812) 435–55–55;Санкт-Петербург, Дунайский проспект, 47;www.smclinic-spb.ru;mail@smclinic-spb.ru
Альтермед;+7 (812) 468–88–88, 8–800–333–68–88;Санкт-Петербург, Энгельса проспект, 139/21;www.altermed.ru;info@altermed.ru
МЕДИКА;+7 (812) 606–78–92, +7 (812) 458–00–00;Санкт-Петербург, Бадаева, 6 к1;spbmedika.ru;kd@spbmedika.ru
Первая семейная клиника Петербурга;+7 (812) 300–5–300;Санкт-Петербург, Каменноостровский проспект, 16;www.1-clinic.ru;info@oneclinic.ru
Шанс;+7 (343) 385–00–01, +7 (343) 330–32–06;Екатеринбург, Уральских Рабочих, 55Б;www.mc-shans.ru;mail@mc-shans.com
МЕДИКА;+7 (812) 606–78–92, +7 (812) 458–00–00;Санкт-Петербург, Бадаева, 6 к1;spbmedika.ru;kd@spbmedika.ru
МЕДСТАНДАРТ;+7 (347) 246–92–91, +7–937–320–02–26;Уфа, Комсомольская, 133/1;medstandart-ufa.ru;ooo.medstandart@mail.ru
Скандинавия;+7 (812) 416–01–38;Санкт-Петербург, Литейный проспект, 55;www.avaclinic.ru;info@avaclinic.ru
Национальный медицинский исследовательский центр им. академика Е.Н. Мешалкина;+7 (383) 347–60–66, +7 (383) 347–60–99;Новосибирск, Речкуновская, 15;www.meshalkin.ru;mail@meshalkin.ru
;;;;
Первая семейная клиника Петербурга;+7 (812) 300–5–300;Санкт-Петербург, Каменноостровский проспект, 16;www.1-clinic.ru;info@oneclinic.ru
Аллергомед;+7 (812) 421–73–45;Санкт-Петербург, Московский проспект, 109;www.allergomed.ru;allergomed@gmail.com
ЦМРТ;+7 (812) 600–12–15;Санкт-Петербург, Рентгена, 5;mrtpetrograd.ru;info@mrtpetrograd.ru
ДИНАСТИЯ;+7 (812) 603–48–26;Санкт-Петербург, Репищева, 13 к1;meddynasty.ru;info@meddynasty.ru
СМ-Клиника;+7 (812) 435–55–55;Санкт-Петербург, Дунайский проспект, 47;www.smclinic-spb.ru;mail@smclinic-spb.ru
Альтермед;+7 (812) 468–88–88, 8–800–333–68–88;Санкт-Петербург, Энгельса проспект, 139/21;www.altermed.ru;info@altermed.ru
СМ-Клиника;+7 (812) 435–55–55;Санкт-Петербург, Дунайский проспект, 47;www.smclinic-spb.ru;mail@smclinic-spb.ru
Скандинавия;+7 (812) 416–01–38;Санкт-Петербург, Литейный проспект, 55;www.avaclinic.ru;info@avaclinic.ru
Альтермед;+7 (812) 468–88–88, 8–800–333–68–88;Санкт-Петербург, Энгельса проспект, 139/21;www.altermed.ru;info@altermed.ru
ЦМРТ;+7 (812) 600–12–15;Санкт-Петербург, Рентгена, 5;mrtpetrograd.ru;info@mrtpetrograd.ru
;;;;
Альтермед;+7 (812) 468–88–88, 8–800–333–68–88;Санкт-Петербург, Энгельса проспект, 139/21;www.altermed.ru;info@altermed.ru
Первая семейная клиника Петербурга;+7 (812) 300–5–300;Санкт-Петербург, Каменноостровский проспект, 16;www.1-clinic.ru;info@oneclinic.ru
Альтермед;+7 (812) 468–88–88, 8–800–333–68–88;Санкт-Петербург, Энгельса проспект, 139/21;www.altermed.ru;info@altermed.ru
СМ-Клиника;+7 (812) 435–55–55;Санкт-Петербург, Дунайский проспект, 47;www.smclinic-spb.ru;mail@smclinic-spb.ru
ЛораК;+7 (347) 275–55–15, +7 (347) 250–55–15;Уфа, Ленина, 104/1;www.lorak-ufa.ru;lorakufa@mail.ru
Гайде;+7 (812) 611–00–17;Санкт-Петербург, Лиговский проспект, 108а;mc.guideh.com;dms-disp@guideh.com
Скандинавия;+7 (812) 416–01–38;Санкт-Петербург, Литейный проспект, 55;www.avaclinic.ru;info@avaclinic.ru
Скандинавия;+7 (812) 416–01–38;Санкт-Петербург, Литейный проспект, 55;www.avaclinic.ru;info@avaclinic.ru
РЕАСАНМЕД, ООО;+7 (812) 448–84–34;Санкт-Петербург, Варшавская, 5 к3 лит А;www.reasunmed.ru;1@reasunmed.ru
ДИНАСТИЯ;+7 (812) 603–48–26;Санкт-Петербург, Репищева, 13 к1;meddynasty.ru;info@meddynasty.ru
Первая семейная клиника Петербурга;+7 (812) 300–5–300;Санкт-Петербург, Каменноостровский проспект, 16;www.1-clinic.ru;info@oneclinic.ru
Гайде;+7 (812) 611–00–17;Санкт-Петербург, Лиговский проспект, 108а;mc.guideh.com;dms-disp@guideh.com
РЕАСАНМЕД, ООО;+7 (812) 448–84–34;Санкт-Петербург, Варшавская, 5 к3 лит А;www.reasunmed.ru;1@reasunmed.ru
Первая семейная клиника Петербурга;+7 (812) 300–5–300;Санкт-Петербург, Каменноостровский проспект, 16;www.1-clinic.ru;info@oneclinic.ru
Долголетие;+7 (812) 671–01–70, +7 (812) 671–01–70;Санкт-Петербург, Малая Посадская, 7/4;www.spina.spb.ru;alex8108@bk.ru
ЛабСтори, ООО;+7 (812) 777–90–40;Санкт-Петербург, Достоевского, 44 к Е;www.labstori.ru;call@labstori.ru
Долголетие;+7 (812) 671–01–70, +7 (812) 671–01–70;Санкт-Петербург, Малая Посадская, 7/4;www.spina.spb.ru;alex8108@bk.ru
ЛабСтори, ООО;+7 (812) 777–90–40;Санкт-Петербург, Достоевского, 44 к Е;www.labstori.ru;call@labstori.ru
ЦМРТ;+7 (812) 600–12–15;Санкт-Петербург, Рентгена, 5;mrtpetrograd.ru;info@mrtpetrograd.ru
Долголетие;+7 (812) 671–01–70, +7 (812) 671–01–70;Санкт-Петербург, Малая Посадская, 7/4;www.spina.spb.ru;alex8108@bk.ru
СМ-Клиника;+7 (812) 435–55–55;Санкт-Петербург, Дунайский проспект, 47;www.smclinic-spb.ru;mail@smclinic-spb.ru
ЦМРТ;+7 (812) 600–12–15;Санкт-Петербург, Рентгена, 5;mrtpetrograd.ru;info@mrtpetrograd.ru
Альтермед;+7 (812) 468–88–88, 8–800–333–68–88;Санкт-Петербург, Энгельса проспект, 139/21;www.altermed.ru;info@altermed.ru
МЕДИКА;+7 (812) 606–78–92, +7 (812) 458–00–00;Санкт-Петербург, Бадаева, 6 к1;spbmedika.ru;kd@spbmedika.ru
Первая семейная клиника Петербурга;+7 (812) 300–5–300;Санкт-Петербург, Каменноостровский проспект, 16;www.1-clinic.ru;info@oneclinic.ru
Гайде;+7 (812) 611–00–17;Санкт-Петербург, Лиговский проспект, 108а;mc.guideh.com;dms-disp@guideh.com
ЦМРТ;+7 (812) 600–12–15;Санкт-Петербург, Рентгена, 5;mrtpetrograd.ru;info@mrtpetrograd.ru
Альтермед;+7 (812) 468–88–88, 8–800–333–68–88;Санкт-Петербург, Энгельса проспект, 139/21;www.altermed.ru;info@altermed.ru
ЛабСтори, ООО;+7 (812) 777–90–40;Санкт-Петербург, Достоевского, 44 к Е;www.labstori.ru;call@labstori.ru
ДИНАСТИЯ;+7 (812) 603–48–26;Санкт-Петербург, Репищева, 13 к1;meddynasty.ru;info@meddynasty.ru
Гайде;+7 (812) 611–00–17;Санкт-Петербург, Лиговский проспект, 108а;mc.guideh.com;dms-disp@guideh.com
Гайде;+7 (812) 611–00–17;Санкт-Петербург, Лиговский проспект, 108а;mc.guideh.com;dms-disp@guideh.com
Гайде;+7 (812) 611–00–17;Санкт-Петербург, Лиговский проспект, 108а;mc.guideh.com;dms-disp@guideh.com
Гайде;+7 (812) 611–00–17;Санкт-Петербург, Лиговский проспект, 108а;mc.guideh.com;dms-disp@guideh.com
Долголетие;+7 (812) 671–01–70, +7 (812) 671–01–70;Санкт-Петербург, Малая Посадская, 7/4;www.spina.spb.ru;alex8108@bk.ru
Долголетие;+7 (812) 671–01–70, +7 (812) 671–01–70;Санкт-Петербург, Малая Посадская, 7/4;www.spina.spb.ru;alex8108@bk.ru
Первая семейная клиника Петербурга;+7 (812) 300–5–300;Санкт-Петербург, Каменноостровский проспект, 16;www.1-clinic.ru;info@oneclinic.ru
Долголетие;+7 (812) 671–01–70, +7 (812) 671–01–70;Санкт-Петербург, Малая Посадская, 7/4;www.spina.spb.ru;alex8108@bk.ru
Гайде;+7 (812) 611–00–17;Санкт-Петербург, Лиговский проспект, 108а;mc.guideh.com;dms-disp@guideh.com
Гайде;+7 (812) 611–00–17;Санкт-Петербург, Лиговский проспект, 108а;mc.guideh.com;dms-disp@guideh.com
Аллергомед;+7 (812) 421–73–45;Санкт-Петербург, Московский проспект, 109;www.allergomed.ru;allergomed@gmail.com
Аллергомед;+7 (812) 421–73–45;Санкт-Петербург, Московский проспект, 109;www.allergomed.ru;allergomed@gmail.com
Долголетие;+7 (812) 671–01–70, +7 (812) 671–01–70;Санкт-Петербург, Малая Посадская, 7/4;www.spina.spb.ru;alex8108@bk.ru
Аллергомед;+7 (812) 421–73–45;Санкт-Петербург, Московский проспект, 109;www.allergomed.ru;allergomed@gmail.com
Аллергомед;+7 (812) 421–73–45;Санкт-Петербург, Московский проспект, 109;www.allergomed.ru;allergomed@gmail.com
Аллергомед;+7 (812) 421–73–45;Санкт-Петербург, Московский проспект, 109;www.allergomed.ru;allergomed@gmail.com
ЛабСтори, ООО;+7 (812) 777–90–40;Санкт-Петербург, Достоевского, 44 к Е;www.labstori.ru;call@labstori.ru
Первая семейная клиника Петербурга;+7 (812) 300–5–300;Санкт-Петербург, Каменноостровский проспект, 16;www.1-clinic.ru;info@oneclinic.ru
Аллергомед;+7 (812) 421–73–45;Санкт-Петербург, Московский проспект, 109;www.allergomed.ru;allergomed@gmail.com
Альтермед;+7 (812) 468–88–88, 8–800–333–68–88;Санкт-Петербург, Энгельса проспект, 139/21;www.altermed.ru;info@altermed.ru
ЦМРТ;+7 (812) 600–12–15;Санкт-Петербург, Рентгена, 5;mrtpetrograd.ru;info@mrtpetrograd.ru
СМ-Клиника;+7 (812) 435–55–55;Санкт-Петербург, Дунайский проспект, 47;www.smclinic-spb.ru;mail@smclinic-spb.ru
Первая семейная клиника Петербурга;+7 (812) 300–5–300;Санкт-Петербург, Каменноостровский проспект, 16;www.1-clinic.ru;info@oneclinic.ru
Гайде;+7 (812) 611–00–17;Санкт-Петербург, Лиговский проспект, 108а;mc.guideh.com;dms-disp@guideh.com
СМ-Клиника;+7 (812) 435–55–55;Санкт-Петербург, Дунайский проспект, 47;www.smclinic-spb.ru;mail@smclinic-spb.ru
Альтермед;+7 (812) 468–88–88, 8–800–333–68–88;Санкт-Петербург, Энгельса проспект, 139/21;www.altermed.ru;info@altermed.ru
СМ-Клиника;+7 (812) 435–55–55;Санкт-Петербург, Дунайский проспект, 47;www.smclinic-spb.ru;mail@smclinic-spb.ru
Долголетие;+7 (812) 671–01–70, +7 (812) 671–01–70;Санкт-Петербург, Малая Посадская, 7/4;www.spina.spb.ru;alex8108@bk.ru
Долголетие;+7 (812) 671–01–70, +7 (812) 671–01–70;Санкт-Петербург, Малая Посадская, 7/4;www.spina.spb.ru;alex8108@bk.ru
Первая семейная клиника Петербурга;+7 (812) 300–5–300;Санкт-Петербург, Каменноостровский проспект, 16;www.1-clinic.ru;info@oneclinic.ru
Первая семейная клиника Петербурга;+7 (812) 300–5–300;Санкт-Петербург, Каменноостровский проспект, 16;www.1-clinic.ru;info@oneclinic.ru
ЦМРТ;+7 (812) 600–12–15;Санкт-Петербург, Рентгена, 5;mrtpetrograd.ru;info@mrtpetrograd.ru
Долголетие;+7 (812) 671–01–70, +7 (812) 671–01–70;Санкт-Петербург, Малая Посадская, 7/4;www.spina.spb.ru;alex8108@bk.ru
Первая семейная клиника Петербурга;+7 (812) 300–5–300;Санкт-Петербург, Каменноостровский проспект, 16;www.1-clinic.ru;info@oneclinic.ru
Многофункциональное клиническое учреждение;+7 (383) 315–99–99;Новосибирск, Немировича-Данченко, 130;oblmed.nsk.ru;marketing@oblmed.nsk.ru
Двадцать первый век;+7 (383) 363–12–21;Новосибирск, Некрасова, 35;nsk.mc21.ru;nsk@mc21.ru
Клиника Санитас;+7 (383) 233–66–00;Новосибирск, Вокзальная магистраль, 16;www.sanitas.ru;novosibirsk@sanitas.ru
ДИНАСТИЯ;+7 (812) 603–48–26;Санкт-Петербург, Репищева, 13 к1;meddynasty.ru;info@meddynasty.ru
Национальный медицинский исследовательский центр им. академика Е.Н. Мешалкина;+7 (383) 347–60–66, +7 (383) 347–60–99;Новосибирск, Речкуновская, 15;www.meshalkin.ru;mail@meshalkin.ru
Диагностический центр;+7 (383) 328–19–19;Новосибирск, Владимировский спуск, 2а к4;med54.ru;info@med54.ru
ЛабСтори, ООО;+7 (812) 777–90–40;Санкт-Петербург, Достоевского, 44 к Е;www.labstori.ru;call@labstori.ru
ЛабСтори, ООО;+7 (812) 777–90–40;Санкт-Петербург, Достоевского, 44 к Е;www.labstori.ru;call@labstori.ru
ЛабСтори, ООО;+7 (812) 777–90–40;Санкт-Петербург, Достоевского, 44 к Е;www.labstori.ru;call@labstori.ru
Гайде;+7 (812) 611–00–17;Санкт-Петербург, Лиговский проспект, 108а;mc.guideh.com;dms-disp@guideh.com
ЛабСтори, ООО;+7 (812) 777–90–40;Санкт-Петербург, Достоевского, 44 к Е;www.labstori.ru;call@labstori.ru
Долголетие;+7 (812) 671–01–70, +7 (812) 671–01–70;Санкт-Петербург, Малая Посадская, 7/4;www.spina.spb.ru;alex8108@bk.ru
Альтермед;+7 (812) 468–88–88, 8–800–333–68–88;Санкт-Петербург, Энгельса проспект, 139/21;www.altermed.ru;info@altermed.ru
Гайде;+7 (812) 611–00–17;Санкт-Петербург, Лиговский проспект, 108а;mc.guideh.com;dms-disp@guideh.com
Гайде;+7 (812) 611–00–17;Санкт-Петербург, Лиговский проспект, 108а;mc.guideh.com;dms-disp@guideh.com
Гайде;+7 (812) 611–00–17;Санкт-Петербург, Лиговский проспект, 108а;mc.guideh.com;dms-disp@guideh.com
РЕАСАНМЕД, ООО;+7 (812) 448–84–34;Санкт-Петербург, Варшавская, 5 к3 лит А;www.reasunmed.ru;1@reasunmed.ru
Аллергомед;+7 (812) 421–73–45;Санкт-Петербург, Московский проспект, 109;www.allergomed.ru;allergomed@gmail.com
Аллергомед;+7 (812) 421–73–45;Санкт-Петербург, Московский проспект, 109;www.allergomed.ru;allergomed@gmail.com
Первая семейная клиника Петербурга;+7 (812) 300–5–300;Санкт-Петербург, Каменноостровский проспект, 16;www.1-clinic.ru;info@oneclinic.ru
ЛабСтори, ООО;+7 (812) 777–90–40;Санкт-Петербург, Достоевского, 44 к Е;www.labstori.ru;call@labstori.ru
Долголетие;+7 (812) 671–01–70, +7 (812) 671–01–70;Санкт-Петербург, Малая Посадская, 7/4;www.spina.spb.ru;alex8108@bk.ru
ДЕЛЬФИН;+7 (351) 246–00–06;Челябинск, Сулимова, 92а;www.zdorovie-delfin.ru;centerdolphin@mail.ru
МЕДИКА;+7 (812) 606–78–92, +7 (812) 458–00–00;Санкт-Петербург, Бадаева, 6 к1;spbmedika.ru;kd@spbmedika.ru
ЛабСтори, ООО;+7 (812) 777–90–40;Санкт-Петербург, Достоевского, 44 к Е;www.labstori.ru;call@labstori.ru
Первая семейная клиника Петербурга;+7 (812) 300–5–300;Санкт-Петербург, Каменноостровский проспект, 16;www.1-clinic.ru;info@oneclinic.ru
Аллергомед;+7 (812) 421–73–45;Санкт-Петербург, Московский проспект, 109;www.allergomed.ru;allergomed@gmail.com
МЕДИКА;+7 (812) 606–78–92, +7 (812) 458–00–00;Санкт-Петербург, Бадаева, 6 к1;spbmedika.ru;kd@spbmedika.ru
Аллергомед;+7 (812) 421–73–45;Санкт-Петербург, Московский проспект, 109;www.allergomed.ru;allergomed@gmail.com
Долголетие;+7 (812) 671–01–70, +7 (812) 671–01–70;Санкт-Петербург, Малая Посадская, 7/4;www.spina.spb.ru;alex8108@bk.ru
ДИНАСТИЯ;+7 (812) 603–48–26;Санкт-Петербург, Репищева, 13 к1;meddynasty.ru;info@meddynasty.ru
ЦМРТ;+7 (812) 600–12–15;Санкт-Петербург, Рентгена, 5;mrtpetrograd.ru;info@mrtpetrograd.ru
Долголетие;+7 (812) 671–01–70, +7 (812) 671–01–70;Санкт-Петербург, Малая Посадская, 7/4;www.spina.spb.ru;alex8108@bk.ru
Санталь, ООО;+7 (383) 319–40–44;Новосибирск, Щетинкина, 49;санталь.рф;zdrav-nsk@mail.ru
ЛабСтори, ООО;+7 (812) 777–90–40;Санкт-Петербург, Достоевского, 44 к Е;www.labstori.ru;call@labstori.ru
Аллергомед;+7 (812) 421–73–45;Санкт-Петербург, Московский проспект, 109;www.allergomed.ru;allergomed@gmail.com
ЛабСтори, ООО;+7 (812) 777–90–40;Санкт-Петербург, Достоевского, 44 к Е;www.labstori.ru;call@labstori.ru
ДИНАСТИЯ;+7 (812) 603–48–26;Санкт-Петербург, Репищева, 13 к1;meddynasty.ru;info@meddynasty.ru
Долголетие;+7 (812) 671–01–70, +7 (812) 671–01–70;Санкт-Петербург, Малая Посадская, 7/4;www.spina.spb.ru;alex8108@bk.ru
Аллергомед;+7 (812) 421–73–45;Санкт-Петербург, Московский проспект, 109;www.allergomed.ru;allergomed@gmail.com
Скандинавия;+7 (812) 416–01–38;Санкт-Петербург, Литейный проспект, 55;www.avaclinic.ru;info@avaclinic.ru
Гайде;+7 (812) 611–00–17;Санкт-Петербург, Лиговский проспект, 108а;mc.guideh.com;dms-disp@guideh.com
РЖД-Медицина;+7 (343) 204–95–05, 8–800–234–34–34, +7 (343) 358–34–16;Екатеринбург, Гражданская, 9;www.dor-bol.ru;rzd-med.ekb@yandex.ru
Скандинавия;+7 (812) 416–01–38;Санкт-Петербург, Литейный проспект, 55;www.avaclinic.ru;info@avaclinic.ru
МЕДИКА;+7 (812) 606–78–92, +7 (812) 458–00–00;Санкт-Петербург, Бадаева, 6 к1;spbmedika.ru;kd@spbmedika.ru
ЛабСтори, ООО;+7 (812) 777–90–40;Санкт-Петербург, Достоевского, 44 к Е;www.labstori.ru;call@labstori.ru
ЛабСтори, ООО;+7 (812) 777–90–40;Санкт-Петербург, Достоевского, 44 к Е;www.labstori.ru;call@labstori.ru
ЕвроМед клиника;+7 (383) 209–03–03;Новосибирск, Гоголя, 42;www.euromednsk.ru;info@euromednsk.ru
ЛабСтори, ООО;+7 (812) 777–90–40;Санкт-Петербург, Достоевского, 44 к Е;www.labstori.ru;call@labstori.ru
Альтермед;+7 (812) 468–88–88, 8–800–333–68–88;Санкт-Петербург, Энгельса проспект, 139/21;www.altermed.ru;info@altermed.ru
Сибирский окружной медицинский центр Федерального медико-биологического агентства России;1–24, +7 (383) 290–34–34, +7 (383) 310–99–90;Новосибирск, Одоевского, 12;www.somc-nsk.ru;somc.glav@mail.ru
ЦМРТ;+7 (812) 600–12–15;Санкт-Петербург, Рентгена, 5;mrtpetrograd.ru;info@mrtpetrograd.ru
ЦМРТ;+7 (812) 600–12–15;Санкт-Петербург, Рентгена, 5;mrtpetrograd.ru;info@mrtpetrograd.ru
Долголетие;+7 (812) 671–01–70, +7 (812) 671–01–70;Санкт-Петербург, Малая Посадская, 7/4;www.spina.spb.ru;alex8108@bk.ru
Альтермед;+7 (812) 468–88–88, 8–800–333–68–88;Санкт-Петербург, Энгельса проспект, 139/21;www.altermed.ru;info@altermed.ru
Гайде;+7 (812) 611–00–17;Санкт-Петербург, Лиговский проспект, 108а;mc.guideh.com;dms-disp@guideh.com
Гайде;+7 (812) 611–00–17;Санкт-Петербург, Лиговский проспект, 108а;mc.guideh.com;dms-disp@guideh.com
ЛабСтори, ООО;+7 (812) 777–90–40;Санкт-Петербург, Достоевского, 44 к Е;www.labstori.ru;call@labstori.ru
Долголетие;+7 (812) 671–01–70, +7 (812) 671–01–70;Санкт-Петербург, Малая Посадская, 7/4;www.spina.spb.ru;alex8108@bk.ru
ЛОТОС;+7 (351) 220–00–03;Челябинск, Труда, 187Б;www.lotos74.ru;call@lotos74.ru
Аллергомед;+7 (812) 421–73–45;Санкт-Петербург, Московский проспект, 109;www.allergomed.ru;allergomed@gmail.com
Гайде;+7 (812) 611–00–17;Санкт-Петербург, Лиговский проспект, 108а;mc.guideh.com;dms-disp@guideh.com
Альтермед;+7 (812) 468–88–88, 8–800–333–68–88;Санкт-Петербург, Энгельса проспект, 139/21;www.altermed.ru;info@altermed.ru
Скандинавия;+7 (812) 416–01–38;Санкт-Петербург, Литейный проспект, 55;www.avaclinic.ru;info@avaclinic.ru
РЕАСАНМЕД, ООО;+7 (812) 448–84–34;Санкт-Петербург, Варшавская, 5 к3 лит А;www.reasunmed.ru;1@reasunmed.ru
Долголетие;+7 (812) 671–01–70, +7 (812) 671–01–70;Санкт-Петербург, Малая Посадская, 7/4;www.spina.spb.ru;alex8108@bk.ru
Частная врачебная практика, ООО;+7 (351) 270–05–60;Челябинск, Комсомольский проспект, 90;4vp74.ru;zdorov72@mail.ru
РЕАСАНМЕД, ООО;+7 (812) 448–84–34;Санкт-Петербург, Варшавская, 5 к3 лит А;www.reasunmed.ru;1@reasunmed.ru
РЕАСАНМЕД, ООО;+7 (812) 448–84–34;Санкт-Петербург, Варшавская, 5 к3 лит А;www.reasunmed.ru;1@reasunmed.ru
Скандинавия;+7 (812) 416–01–38;Санкт-Петербург, Литейный проспект, 55;www.avaclinic.ru;info@avaclinic.ru
Скандинавия;+7 (812) 416–01–38;Санкт-Петербург, Литейный проспект, 55;www.avaclinic.ru;info@avaclinic.ru
НьюМед;+7 (351) 240–83–83;Челябинск, Комсомольский проспект, 36в;www.newmed74.ru;newmed74@mail.ru
Альтермед;+7 (812) 468–88–88, 8–800–333–68–88;Санкт-Петербург, Энгельса проспект, 139/21;www.altermed.ru;info@altermed.ru
Аллергомед;+7 (812) 421–73–45;Санкт-Петербург, Московский проспект, 109;www.allergomed.ru;allergomed@gmail.com
МЕДИКА;+7 (812) 606–78–92, +7 (812) 458–00–00;Санкт-Петербург, Бадаева, 6 к1;spbmedika.ru;kd@spbmedika.ru
Врачебная практика, ООО;+7 (383) 201–83–13;Новосибирск, Покрышкина, 1;www.медцентрнск.рф;
Медклуб;+7 (383) 220–65–11, +7 (383) 229–38–99, +7 (383) 229–32–40, +7 (383) 220–74–54, +7–913–731–61–61;Новосибирск, Владимировский спуск, 2а к3;www.med54.ru;info@med54.ru
ЛабСтори, ООО;+7 (812) 777–90–40;Санкт-Петербург, Достоевского, 44 к Е;www.labstori.ru;call@labstori.ru
Гайде;+7 (812) 611–00–17;Санкт-Петербург, Лиговский проспект, 108а;mc.guideh.com;dms-disp@guideh.com
Доктор Ост;+7 (343) 357–93–17;Екатеринбург, Циолковского, 57;ekaterinburg.dr-ost.ru;market@fzmed.ru
РЕАСАНМЕД, ООО;+7 (812) 448–84–34;Санкт-Петербург, Варшавская, 5 к3 лит А;www.reasunmed.ru;1@reasunmed.ru
Альтермед;+7 (812) 468–88–88, 8–800–333–68–88;Санкт-Петербург, Энгельса проспект, 139/21;www.altermed.ru;info@altermed.ru
РЕАСАНМЕД, ООО;+7 (812) 448–84–34;Санкт-Петербург, Варшавская, 5 к3 лит А;www.reasunmed.ru;1@reasunmed.ru
Долголетие;+7 (812) 671–01–70, +7 (812) 671–01–70;Санкт-Петербург, Малая Посадская, 7/4;www.spina.spb.ru;alex8108@bk.ru
ДИНАСТИЯ;+7 (812) 603–48–26;Санкт-Петербург, Репищева, 13 к1;meddynasty.ru;info@meddynasty.ru
Скандинавия;+7 (812) 416–01–38;Санкт-Петербург, Литейный проспект, 55;www.avaclinic.ru;info@avaclinic.ru
Долголетие;+7 (812) 671–01–70, +7 (812) 671–01–70;Санкт-Петербург, Малая Посадская, 7/4;www.spina.spb.ru;alex8108@bk.ru
Первая семейная клиника Петербурга;+7 (812) 300–5–300;Санкт-Петербург, Каменноостровский проспект, 16;www.1-clinic.ru;info@oneclinic.ru
СМ-Клиника;+7 (812) 435–55–55;Санкт-Петербург, Дунайский проспект, 47;www.smclinic-spb.ru;mail@smclinic-spb.ru
СМ-Клиника;+7 (812) 435–55–55;Санкт-Петербург, Дунайский проспект, 47;www.smclinic-spb.ru;mail@smclinic-spb.ru
Первая семейная клиника Петербурга;+7 (812) 300–5–300;Санкт-Петербург, Каменноостровский проспект, 16;www.1-clinic.ru;info@oneclinic.ru
Долголетие;+7 (812) 671–01–70, +7 (812) 671–01–70;Санкт-Петербург, Малая Посадская, 7/4;www.spina.spb.ru;alex8108@bk.ru
ЦМРТ;+7 (812) 600–12–15;Санкт-Петербург, Рентгена, 5;mrtpetrograd.ru;info@mrtpetrograd.ru
Аллергомед;+7 (812) 421–73–45;Санкт-Петербург, Московский проспект, 109;www.allergomed.ru;allergomed@gmail.com
СМ-Клиника;+7 (812) 435–55–55;Санкт-Петербург, Дунайский проспект, 47;www.smclinic-spb.ru;mail@smclinic-spb.ru
Альтермед;+7 (812) 468–88–88, 8–800–333–68–88;Санкт-Петербург, Энгельса проспект, 139/21;www.altermed.ru;info@altermed.ru
Альтермед;+7 (812) 468–88–88, 8–800–333–68–88;Санкт-Петербург, Энгельса проспект, 139/21;www.altermed.ru;info@altermed.ru
Многопрофильное клиническое учреждение;+7 (383) 328–19–19;Новосибирск, Владимировский спуск, 2а;www.med54.ru;info@med54.ru
ЦМРТ;+7 (812) 600–12–15;Санкт-Петербург, Рентгена, 5;mrtpetrograd.ru;info@mrtpetrograd.ru
Центр Новых Медицинских Технологий;+7 (383) 363–01–83;Новосибирск, Пирогова, 25/4;www.cnmt.ru;
Долголетие;+7 (812) 671–01–70, +7 (812) 671–01–70;Санкт-Петербург, Малая Посадская, 7/4;www.spina.spb.ru;alex8108@bk.ru
Аллергомед;+7 (812) 421–73–45;Санкт-Петербург, Московский проспект, 109;www.allergomed.ru;allergomed@gmail.com
ДИНАСТИЯ;+7 (812) 603–48–26;Санкт-Петербург, Репищева, 13 к1;meddynasty.ru;info@meddynasty.ru
РЕАСАНМЕД, ООО;+7 (812) 448–84–34;Санкт-Петербург, Варшавская, 5 к3 лит А;www.reasunmed.ru;1@reasunmed.ru
ЦМРТ;+7 (812) 600–12–15;Санкт-Петербург, Рентгена, 5;mrtpetrograd.ru;info@mrtpetrograd.ru
;;;;
ДИНАСТИЯ;+7 (812) 603–48–26;Санкт-Петербург, Репищева, 13 к1;meddynasty.ru;info@meddynasty.ru
Скандинавия;+7 (812) 416–01–38;Санкт-Петербург, Литейный проспект, 55;www.avaclinic.ru;info@avaclinic.ru
Первая семейная клиника Петербурга;+7 (812) 300–5–300;Санкт-Петербург, Каменноостровский проспект, 16;www.1-clinic.ru;info@oneclinic.ru
ЛабСтори, ООО;+7 (812) 777–90–40;Санкт-Петербург, Достоевского, 44 к Е;www.labstori.ru;call@labstori.ru
СМ-Клиника;+7 (812) 435–55–55;Санкт-Петербург, Дунайский проспект, 47;www.smclinic-spb.ru;mail@smclinic-spb.ru
Гайде;+7 (812) 611–00–17;Санкт-Петербург, Лиговский проспект, 108а;mc.guideh.com;dms-disp@guideh.com
Аллергомед;+7 (812) 421–73–45;Санкт-Петербург, Московский проспект, 109;www.allergomed.ru;allergomed@gmail.com
МЕДИКА;+7 (812) 606–78–92, +7 (812) 458–00–00;Санкт-Петербург, Бадаева, 6 к1;spbmedika.ru;kd@spbmedika.ru
Первая семейная клиника Петербурга;+7 (812) 300–5–300;Санкт-Петербург, Каменноостровский проспект, 16;www.1-clinic.ru;info@oneclinic.ru
РЕАСАНМЕД, ООО;+7 (812) 448–84–34;Санкт-Петербург, Варшавская, 5 к3 лит А;www.reasunmed.ru;1@reasunmed.ru
ЦМРТ;+7 (812) 600–12–15;Санкт-Петербург, Рентгена, 5;mrtpetrograd.ru;info@mrtpetrograd.ru
Аллергомед;+7 (812) 421–73–45;Санкт-Петербург, Московский проспект, 109;www.allergomed.ru;allergomed@gmail.com
Скандинавия;+7 (812) 416–01–38;Санкт-Петербург, Литейный проспект, 55;www.avaclinic.ru;info@avaclinic.ru
Гайде;+7 (812) 611–00–17;Санкт-Петербург, Лиговский проспект, 108а;mc.guideh.com;dms-disp@guideh.com
ЛабСтори, ООО;+7 (812) 777–90–40;Санкт-Петербург, Достоевского, 44 к Е;www.labstori.ru;call@labstori.ru
Первая семейная клиника Петербурга;+7 (812) 300–5–300;Санкт-Петербург, Каменноостровский проспект, 16;www.1-clinic.ru;info@oneclinic.ru
СМ-Клиника;+7 (812) 435–55–55;Санкт-Петербург, Дунайский проспект, 47;www.smclinic-spb.ru;mail@smclinic-spb.ru
ЦМРТ;+7 (812) 600–12–15;Санкт-Петербург, Рентгена, 5;mrtpetrograd.ru;info@mrtpetrograd.ru
Альтермед;+7 (812) 468–88–88, 8–800–333–68–88;Санкт-Петербург, Энгельса проспект, 139/21;www.altermed.ru;info@altermed.ru
ДИНАСТИЯ;+7 (812) 603–48–26;Санкт-Петербург, Репищева, 13 к1;meddynasty.ru;info@meddynasty.ru
ДИНАСТИЯ;+7 (812) 603–48–26;Санкт-Петербург, Репищева, 13 к1;meddynasty.ru;info@meddynasty.ru
ДИНАСТИЯ;+7 (812) 603–48–26;Санкт-Петербург, Репищева, 13 к1;meddynasty.ru;info@meddynasty.ru
СМ-Клиника;+7 (812) 435–55–55;Санкт-Петербург, Дунайский проспект, 47;www.smclinic-spb.ru;mail@smclinic-spb.ru
Гайде;+7 (812) 611–00–17;Санкт-Петербург, Лиговский проспект, 108а;mc.guideh.com;dms-disp@guideh.com
МЕДИКА;+7 (812) 606–78–92, +7 (812) 458–00–00;Санкт-Петербург, Бадаева, 6 к1;spbmedika.ru;kd@spbmedika.ru
Аллергомед;+7 (812) 421–73–45;Санкт-Петербург, Московский проспект, 109;www.allergomed.ru;allergomed@gmail.com
МЕДИКА;+7 (812) 606–78–92, +7 (812) 458–00–00;Санкт-Петербург, Бадаева, 6 к1;spbmedika.ru;kd@spbmedika.ru
Гайде;+7 (812) 611–00–17;Санкт-Петербург, Лиговский проспект, 108а;mc.guideh.com;dms-disp@guideh.com
Скандинавия;+7 (812) 416–01–38;Санкт-Петербург, Литейный проспект, 55;www.avaclinic.ru;info@avaclinic.ru
СМ-Клиника;+7 (812) 435–55–55;Санкт-Петербург, Дунайский проспект, 47;www.smclinic-spb.ru;mail@smclinic-spb.ru
ЛабСтори, ООО;+7 (812) 777–90–40;Санкт-Петербург, Достоевского, 44 к Е;www.labstori.ru;call@labstori.ru
Долголетие;+7 (812) 671–01–70, +7 (812) 671–01–70;Санкт-Петербург, Малая Посадская, 7/4;www.spina.spb.ru;alex8108@bk.ru
ЦМРТ;+7 (812) 600–12–15;Санкт-Петербург, Рентгена, 5;mrtpetrograd.ru;info@mrtpetrograd.ru
МЕДИКА;+7 (812) 606–78–92, +7 (812) 458–00–00;Санкт-Петербург, Бадаева, 6 к1;spbmedika.ru;kd@spbmedika.ru
ЦМРТ;+7 (812) 600–12–15;Санкт-Петербург, Рентгена, 5;mrtpetrograd.ru;info@mrtpetrograd.ru
Аллергомед;+7 (812) 421–73–45;Санкт-Петербург, Московский проспект, 109;www.allergomed.ru;allergomed@gmail.com
Гайде;+7 (812) 611–00–17;Санкт-Петербург, Лиговский проспект, 108а;mc.guideh.com;dms-disp@guideh.com
РЕАСАНМЕД, ООО;+7 (812) 448–84–34;Санкт-Петербург, Варшавская, 5 к3 лит А;www.reasunmed.ru;1@reasunmed.ru
Скандинавия;+7 (812) 416–01–38;Санкт-Петербург, Литейный проспект, 55;www.avaclinic.ru;info@avaclinic.ru
ДИНАСТИЯ;+7 (812) 603–48–26;Санкт-Петербург, Репищева, 13 к1;meddynasty.ru;info@meddynasty.ru
Скандинавия;+7 (812) 416–01–38;Санкт-Петербург, Литейный проспект, 55;www.avaclinic.ru;info@avaclinic.ru
РЕАСАНМЕД, ООО;+7 (812) 448–84–34;Санкт-Петербург, Варшавская, 5 к3 лит А;www.reasunmed.ru;1@reasunmed.ru
ЛабСтори, ООО;+7 (812) 777–90–40;Санкт-Петербург, Достоевского, 44 к Е;www.labstori.ru;call@labstori.ru
ЦМРТ;+7 (812) 600–12–15;Санкт-Петербург, Рентгена, 5;mrtpetrograd.ru;info@mrtpetrograd.ru
МЕДИКА;+7 (812) 606–78–92, +7 (812) 458–00–00;Санкт-Петербург, Бадаева, 6 к1;spbmedika.ru;kd@spbmedika.ru
Аллергомед;+7 (812) 421–73–45;Санкт-Петербург, Московский проспект, 109;www.allergomed.ru;allergomed@gmail.com
Долголетие;+7 (812) 671–01–70, +7 (812) 671–01–70;Санкт-Петербург, Малая Посадская, 7/4;www.spina.spb.ru;alex8108@bk.ru
Первая семейная клиника Петербурга;+7 (812) 300–5–300;Санкт-Петербург, Каменноостровский проспект, 16;www.1-clinic.ru;info@oneclinic.ru
РЕАСАНМЕД, ООО;+7 (812) 448–84–34;Санкт-Петербург, Варшавская, 5 к3 лит А;www.reasunmed.ru;1@reasunmed.ru
ЛабСтори, ООО;+7 (812) 777–90–40;Санкт-Петербург, Достоевского, 44 к Е;www.labstori.ru;call@labstori.ru
ДИНАСТИЯ;+7 (812) 603–48–26;Санкт-Петербург, Репищева, 13 к1;meddynasty.ru;info@meddynasty.ru
МЕДИКА;+7 (812) 606–78–92, +7 (812) 458–00–00;Санкт-Петербург, Бадаева, 6 к1;spbmedika.ru;kd@spbmedika.ru
ЛабСтори, ООО;+7 (812) 777–90–40;Санкт-Петербург, Достоевского, 44 к Е;www.labstori.ru;call@labstori.ru
Долголетие;+7 (812) 671–01–70, +7 (812) 671–01–70;Санкт-Петербург, Малая Посадская, 7/4;www.spina.spb.ru;alex8108@bk.ru
Скандинавия;+7 (812) 416–01–38;Санкт-Петербург, Литейный проспект, 55;www.avaclinic.ru;info@avaclinic.ru
Альтермед;+7 (812) 468–88–88, 8–800–333–68–88;Санкт-Петербург, Энгельса проспект, 139/21;www.altermed.ru;info@altermed.ru
Первая семейная клиника Петербурга;+7 (812) 300–5–300;Санкт-Петербург, Каменноостровский проспект, 16;www.1-clinic.ru;info@oneclinic.ru
СМ-Клиника;+7 (812) 435–55–55;Санкт-Петербург, Дунайский проспект, 47;www.smclinic-spb.ru;mail@smclinic-spb.ru
РЕАСАНМЕД, ООО;+7 (812) 448–84–34;Санкт-Петербург, Варшавская, 5 к3 лит А;www.reasunmed.ru;1@reasunmed.ru
Гайде;+7 (812) 611–00–17;Санкт-Петербург, Лиговский проспект, 108а;mc.guideh.com;dms-disp@guideh.com
ДИНАСТИЯ;+7 (812) 603–48–26;Санкт-Петербург, Репищева, 13 к1;meddynasty.ru;info@meddynasty.ru
СМ-Клиника;+7 (812) 435–55–55;Санкт-Петербург, Дунайский проспект, 47;www.smclinic-spb.ru;mail@smclinic-spb.ru
РЕАСАНМЕД, ООО;+7 (812) 448–84–34;Санкт-Петербург, Варшавская, 5 к3 лит А;www.reasunmed.ru;1@reasunmed.ru
РЕАСАНМЕД, ООО;+7 (812) 448–84–34;Санкт-Петербург, Варшавская, 5 к3 лит А;www.reasunmed.ru;1@reasunmed.ru
РЕАСАНМЕД, ООО;+7 (812) 448–84–34;Санкт-Петербург, Варшавская, 5 к3 лит А;www.reasunmed.ru;1@reasunmed.ru
Скандинавия;+7 (812) 416–01–38;Санкт-Петербург, Литейный проспект, 55;www.avaclinic.ru;info@avaclinic.ru
МЕДИКА;+7 (812) 606–78–92, +7 (812) 458–00–00;Санкт-Петербург, Бадаева, 6 к1;spbmedika.ru;kd@spbmedika.ru
Альтермед;+7 (812) 468–88–88, 8–800–333–68–88;Санкт-Петербург, Энгельса проспект, 139/21;www.altermed.ru;info@altermed.ru
МЕДИКА;+7 (812) 606–78–92, +7 (812) 458–00–00;Санкт-Петербург, Бадаева, 6 к1;spbmedika.ru;kd@spbmedika.ru
Долголетие;+7 (812) 671–01–70, +7 (812) 671–01–70;Санкт-Петербург, Малая Посадская, 7/4;www.spina.spb.ru;alex8108@bk.ru
Аллергомед;+7 (812) 421–73–45;Санкт-Петербург, Московский проспект, 109;www.allergomed.ru;allergomed@gmail.com
Альтермед;+7 (812) 468–88–88, 8–800–333–68–88;Санкт-Петербург, Энгельса проспект, 139/21;www.altermed.ru;info@altermed.ru
ЛабСтори, ООО;+7 (812) 777–90–40;Санкт-Петербург, Достоевского, 44 к Е;www.labstori.ru;call@labstori.ru
Мать и дитя;8–800–700–700–1;Пермь, Екатерининская, 64;perm.mamadeti.ru;perm.customer@mcclinics.ru
Первая семейная клиника Петербурга;+7 (812) 300–5–300;Санкт-Петербург, Каменноостровский проспект, 16;www.1-clinic.ru;info@oneclinic.ru
Медлайф;+7 (342) 259–99–06;Пермь, Петропавловская, 45;www.medlife.perm.ru;corp@medlife.perm.ru
Гайде;+7 (812) 611–00–17;Санкт-Петербург, Лиговский проспект, 108а;mc.guideh.com;dms-disp@guideh.com
ДИНАСТИЯ;+7 (812) 603–48–26;Санкт-Петербург, Репищева, 13 к1;meddynasty.ru;info@meddynasty.ru
Аллергомед;+7 (812) 421–73–45;Санкт-Петербург, Московский проспект, 109;www.allergomed.ru;allergomed@gmail.com
Аллергомед;+7 (812) 421–73–45;Санкт-Петербург, Московский проспект, 109;www.allergomed.ru;allergomed@gmail.com
Альтермед;+7 (812) 468–88–88, 8–800–333–68–88;Санкт-Петербург, Энгельса проспект, 139/21;www.altermed.ru;info@altermed.ru
Гайде;+7 (812) 611–00–17;Санкт-Петербург, Лиговский проспект, 108а;mc.guideh.com;dms-disp@guideh.com
РЕАСАНМЕД, ООО;+7 (812) 448–84–34;Санкт-Петербург, Варшавская, 5 к3 лит А;www.reasunmed.ru;1@reasunmed.ru
ЦМРТ;+7 (812) 600–12–15;Санкт-Петербург, Рентгена, 5;mrtpetrograd.ru;info@mrtpetrograd.ru
ДИНАСТИЯ;+7 (812) 603–48–26;Санкт-Петербург, Репищева, 13 к1;meddynasty.ru;info@meddynasty.ru
СМ-Клиника;+7 (812) 435–55–55;Санкт-Петербург, Дунайский проспект, 47;www.smclinic-spb.ru;mail@smclinic-spb.ru
ДИНАСТИЯ;+7 (812) 603–48–26;Санкт-Петербург, Репищева, 13 к1;meddynasty.ru;info@meddynasty.ru
Альтермед;+7 (812) 468–88–88, 8–800–333–68–88;Санкт-Петербург, Энгельса проспект, 139/21;www.altermed.ru;info@altermed.ru
Первая семейная клиника Петербурга;+7 (812) 300–5–300;Санкт-Петербург, Каменноостровский проспект, 16;www.1-clinic.ru;info@oneclinic.ru
ЛабСтори, ООО;+7 (812) 777–90–40;Санкт-Петербург, Достоевского, 44 к Е;www.labstori.ru;call@labstori.ru
Доктор Ост;+7 (342) 255–31–63;Гранд, Пермь, Петропавловская, 41;perm.dr-ost.ru;market@fzmed.ru
РЕАСАНМЕД, ООО;+7 (812) 448–84–34;Санкт-Петербург, Варшавская, 5 к3 лит А;www.reasunmed.ru;1@reasunmed.ru
ЛабСтори, ООО;+7 (812) 777–90–40;Санкт-Петербург, Достоевского, 44 к Е;www.labstori.ru;call@labstori.ru
Первая семейная клиника Петербурга;+7 (812) 300–5–300;Санкт-Петербург, Каменноостровский проспект, 16;www.1-clinic.ru;info@oneclinic.ru
Скандинавия;+7 (812) 416–01–38;Санкт-Петербург, Литейный проспект, 55;www.avaclinic.ru;info@avaclinic.ru
Долголетие;+7 (812) 671–01–70, +7 (812) 671–01–70;Санкт-Петербург, Малая Посадская, 7/4;www.spina.spb.ru;alex8108@bk.ru
РЕАСАНМЕД, ООО;+7 (812) 448–84–34;Санкт-Петербург, Варшавская, 5 к3 лит А;www.reasunmed.ru;1@reasunmed.ru
Гайде;+7 (812) 611–00–17;Санкт-Петербург, Лиговский проспект, 108а;mc.guideh.com;dms-disp@guideh.com
Гайде;+7 (812) 611–00–17;Санкт-Петербург, Лиговский проспект, 108а;mc.guideh.com;dms-disp@guideh.com
Альтермед;+7 (812) 468–88–88, 8–800–333–68–88;Санкт-Петербург, Энгельса проспект, 139/21;www.altermed.ru;info@altermed.ru
Любимый доктор;+7 (342) 259–53–03;Пермь, Екатерининская, 202;www.lovedok.ru;
Альтермед;+7 (812) 468–88–88, 8–800–333–68–88;Санкт-Петербург, Энгельса проспект, 139/21;www.altermed.ru;info@altermed.ru
ДИНАСТИЯ;+7 (812) 603–48–26;Санкт-Петербург, Репищева, 13 к1;meddynasty.ru;info@meddynasty.ru
Первая семейная клиника Петербурга;+7 (812) 300–5–300;Санкт-Петербург, Каменноостровский проспект, 16;www.1-clinic.ru;info@oneclinic.ru
Долголетие;+7 (812) 671–01–70, +7 (812) 671–01–70;Санкт-Петербург, Малая Посадская, 7/4;www.spina.spb.ru;alex8108@bk.ru
МЕДИКА;+7 (812) 606–78–92, +7 (812) 458–00–00;Санкт-Петербург, Бадаева, 6 к1;spbmedika.ru;kd@spbmedika.ru
Скандинавия;+7 (812) 416–01–38;Санкт-Петербург, Литейный проспект, 55;www.avaclinic.ru;info@avaclinic.ru
Гайде;+7 (812) 611–00–17;Санкт-Петербург, Лиговский проспект, 108а;mc.guideh.com;dms-disp@guideh.com
Медюнион;+7 (391) 201–03–03, +7 (391) 220–03–03;Красноярск, Никитина, 1в/1;medyunion.ru;marketing_medunion@mail.ru
Аллергомед;+7 (812) 421–73–45;Санкт-Петербург, Московский проспект, 109;www.allergomed.ru;allergomed@gmail.com
Долголетие;+7 (812) 671–01–70, +7 (812) 671–01–70;Санкт-Петербург, Малая Посадская, 7/4;www.spina.spb.ru;alex8108@bk.ru
Первая семейная клиника Петербурга;+7 (812) 300–5–300;Санкт-Петербург, Каменноостровский проспект, 16;www.1-clinic.ru;info@oneclinic.ru
МЕДИКА;+7 (812) 606–78–92, +7 (812) 458–00–00;Санкт-Петербург, Бадаева, 6 к1;spbmedika.ru;kd@spbmedika.ru
МЕДИКА;+7 (812) 606–78–92, +7 (812) 458–00–00;Санкт-Петербург, Бадаева, 6 к1;spbmedika.ru;kd@spbmedika.ru
Скандинавия;+7 (812) 416–01–38;Санкт-Петербург, Литейный проспект, 55;www.avaclinic.ru;info@avaclinic.ru
Медси;+7 (342) 215–06–10, +7 (342) 215–06–20;Пермь, Пушкина, 109 ст1;www.medsi.ru;perm@medsigroup.ru
Первая семейная клиника Петербурга;+7 (812) 300–5–300;Санкт-Петербург, Каменноостровский проспект, 16;www.1-clinic.ru;info@oneclinic.ru
Гайде;+7 (812) 611–00–17;Санкт-Петербург, Лиговский проспект, 108а;mc.guideh.com;dms-disp@guideh.com
ДИНАСТИЯ;+7 (812) 603–48–26;Санкт-Петербург, Репищева, 13 к1;meddynasty.ru;info@meddynasty.ru
Надежда;+7 (342) 2–700–740, +7 (342) 239–08–00, +7 (342) 239–08–06;Пермь, Крисанова, 13;www.nadezhda-med.ru;uralmed-mk@yandex.ru
Аллергомед;+7 (812) 421–73–45;Санкт-Петербург, Московский проспект, 109;www.allergomed.ru;allergomed@gmail.com
СМ-Клиника;+7 (812) 435–55–55;Санкт-Петербург, Дунайский проспект, 47;www.smclinic-spb.ru;mail@smclinic-spb.ru
ЛабСтори, ООО;+7 (812) 777–90–40;Санкт-Петербург, Достоевского, 44 к Е;www.labstori.ru;call@labstori.ru
Медикал Он Груп-Пермь;+7 (342) 237–10–37, +7 (342) 214–10–37;Пермь, Сибирская, 35а;www.perm.medongroup.ru;perm@medongroup.ru
МЕДИКА;+7 (812) 606–78–92, +7 (812) 458–00–00;Санкт-Петербург, Бадаева, 6 к1;spbmedika.ru;kd@spbmedika.ru
ЦМРТ;+7 (812) 600–12–15;Санкт-Петербург, Рентгена, 5;mrtpetrograd.ru;info@mrtpetrograd.ru
ЦМРТ;+7 (812) 600–12–15;Санкт-Петербург, Рентгена, 5;mrtpetrograd.ru;info@mrtpetrograd.ru
Первая семейная клиника Петербурга;+7 (812) 300–5–300;Санкт-Петербург, Каменноостровский проспект, 16;www.1-clinic.ru;info@oneclinic.ru
Долголетие;+7 (812) 671–01–70, +7 (812) 671–01–70;Санкт-Петербург, Малая Посадская, 7/4;www.spina.spb.ru;alex8108@bk.ru
СМ-Клиника;+7 (812) 435–55–55;Санкт-Петербург, Дунайский проспект, 47;www.smclinic-spb.ru;mail@smclinic-spb.ru
Аллергомед;+7 (812) 421–73–45;Санкт-Петербург, Московский проспект, 109;www.allergomed.ru;allergomed@gmail.com
СМ-Клиника;+7 (812) 435–55–55;Санкт-Петербург, Дунайский проспект, 47;www.smclinic-spb.ru;mail@smclinic-spb.ru
Профессорская клиника, ООО;+7 (342) 206–07–67;Пермь, Дружбы, 15а;www.professor.perm.ru;
Клиника в Северном, ООО;+7 (391) 205–00–48, +7 (391) 205–07–48;Красноярск, 9 Мая, 19а;www.clinsev.ru;ooo_klinika_kr@mail.ru
Реновацио;+7 (391) 277–52–52, +7 (391) 277–53–53;Красноярск, Весны, 7д;www.renovacio-med.ru;mail@renovacio-med.ru
Элайф;+7 (391) 241–40–10;Красноярск, Алексеева, 115;krs.alifeclinic.ru;alifeclinic@mail.ru
Альфа-Центр Здоровья;+7 (342) 225–01–12;Пермь, Пушкина, 50;perm.alfazdrav.ru;
Доктор Плюс;+7 (342) 212–67–50, +7–908–271–29–86, +7 (342) 212–71–40;Пермь, Пермская, 30;www.doctor-plus.net;doctor_plus.perm@mail.ru
Инео;+7 (391) 223–21–23, +7 (391) 287–71–14, +7–953–587–71–14;Красноярск, Чернышевского, 75;;ineo24@mail.ru
ЛабСтори, ООО;+7 (812) 777–90–40;Санкт-Петербург, Достоевского, 44 к Е;www.labstori.ru;call@labstori.ru
Философия красоты и здоровья;+7 (342) 260–60–60, +7 (342) 265–55–55;Пермь, КИМ, 64;www.medic-group.ru;info@medic-group.ru
МЕДИКА;+7 (812) 606–78–92, +7 (812) 458–00–00;Санкт-Петербург, Бадаева, 6 к1;spbmedika.ru;kd@spbmedika.ru
Добрый Доктор;+7 (391) 277–92–52, +7–902–982–02–14;Красноярск, Урицкого, 31;www.gooddoctor.ru;doctor@gooddoctor.ru
ДИНАСТИЯ;+7 (812) 603–48–26;Санкт-Петербург, Репищева, 13 к1;meddynasty.ru;info@meddynasty.ru
Аллергомед;+7 (812) 421–73–45;Санкт-Петербург, Московский проспект, 109;www.allergomed.ru;allergomed@gmail.com
Скандинавия;+7 (812) 416–01–38;Санкт-Петербург, Литейный проспект, 55;www.avaclinic.ru;info@avaclinic.ru
Клиника женского здоровья;+7 (342) 257–03–87, +7 (342) 281–93–16;Пермь, Краснофлотская, 31;cliniclady.ru;
Лотос;+7 (391) 206–77–44, +7 (391) 206–77–99;Красноярск, Краснодарская, 2а;lotos-med24.ru;lotos-med24@mail.ru
ТТВ, ООО;+7 (391) 264–29–60, +7–923–334–57–08;Красноярск, Инструментальная, 12 ст2;ttv.krasgmu.ru;filsvet@mail.ru
